user_id,tweet_id,tweet_text,date,time,domain_id,domain_name,domain_description,entity_id,entity_name,entity_description
1496850875377393669,1771538168405213445,"RT @JGG_Community: Delithe - Last Memories -
âš–ï¸ è¨¼äººå–šå•AMAâš–ï¸ 
ğŸ“Œ3æœˆ25æ—¥(æœˆ) 22:00ï½
ğŸ“ŒJGG Discord AMAä¼šå ´ã«ã¦
ğŸ“ŒReward: ã‚¨ã‚¢ãƒ‰ãƒ­SBT x 10
#äº•é§’ã‚†ã‚Šãˆ (æ¨ã—ã®å­ï¼šãƒ«ãƒ“ãƒ¼)
#ç«¹â€¦",2024-03-23,14:03:07,47,Brand,Brands and Companies,1168499224297656321,Discord,
1496850875377393669,1771538168405213445,"RT @JGG_Community: Delithe - Last Memories -
âš–ï¸ è¨¼äººå–šå•AMAâš–ï¸ 
ğŸ“Œ3æœˆ25æ—¥(æœˆ) 22:00ï½
ğŸ“ŒJGG Discord AMAä¼šå ´ã«ã¦
ğŸ“ŒReward: ã‚¨ã‚¢ãƒ‰ãƒ­SBT x 10
#äº•é§’ã‚†ã‚Šãˆ (æ¨ã—ã®å­ï¼šãƒ«ãƒ“ãƒ¼)
#ç«¹â€¦",2024-03-23,14:03:07,165,Technology,"for individual and types of technology, e.g., food technology, 3D printing",1196446161223028736,Social media,
1496850875377393669,1771537721971851736,@Rohan_chan1234 ã€ã¯ã˜ã‚ã«ã€ã‹ã‚‰èªè¨¼ã‚’ã‚¹ã‚¿ãƒ¼ãƒˆã•ã›ã¦ãã ã•ã„ã¾ã›ï¼,2024-03-23,14:01:21,,,,,,
1496850875377393669,1771532095350878628,"@delithe_eriedel å‹˜é•ã„ã•ã›ã¦ã”ã‚ã‚“ãªã•ã„ï¼
å£°å„ªã•ã‚“ã¯AMAã«ã¯å‚åŠ ã—ãªã„ã®ğŸ’¦",2024-03-23,13:38:59,131,Unified Twitter Taxonomy,A taxonomy of user interests. ,1191379707473715201,Voice actors,
1496850875377393669,1771531579799814322,"@Rohan_chan1234 https://t.co/iSsx8AJp42
ã‚³ãƒ¡ãƒ³ãƒˆã‚ã‚ŠãŒã¨ã†ã”ã–ã„ã¾ã™ï¼
ã“ã¡ã‚‰ã‹ã‚‰å‚åŠ ã—ã¦ã¿ã¦ä¸‹ã•ã„â™ª",2024-03-23,13:36:56,,,,,,
1496850875377393669,1771484247062204791,"å½“é¸è€…ç™ºè¡¨ï¼
ãŠã‚ã§ã¨ã†ã”ã–ã„ã¾ã™ï¼
@gaut_aus 
@YUKITO30457998
@486harenochiumi
@8bee_bcg
@pencam_picon

@tokiwaBCG ã‹ã‚‰DMã„ãŸã—ã¾ã™ï¼ https://t.co/r67Fh1EzEM",2024-03-23,10:28:51,47,Brand,Brands and Companies,1168499224297656321,Discord,
1496850875377393669,1771484247062204791,"å½“é¸è€…ç™ºè¡¨ï¼
ãŠã‚ã§ã¨ã†ã”ã–ã„ã¾ã™ï¼
@gaut_aus 
@YUKITO30457998
@486harenochiumi
@8bee_bcg
@pencam_picon

@tokiwaBCG ã‹ã‚‰DMã„ãŸã—ã¾ã™ï¼ https://t.co/r67Fh1EzEM",2024-03-23,10:28:51,165,Technology,"for individual and types of technology, e.g., food technology, 3D printing",1196446161223028736,Social media,
1496850875377393669,1771403695256895546,https://t.co/KWvMxvqbFc,2024-03-23,05:08:46,46,Business Taxonomy,Categories within Brand Verticals that narrow down the scope of Brands,1557696940178935808,Gaming Business,"Brands, companies, advertisers and every non-person handle with the profit intent related to offline and online games such as gaming consoles, tabletop games, video game publishers"
1496850875377393669,1771403692543218115,ï¼“ï¼–äººã®ãƒ‰ãƒ¼ãƒ«ãŸã¡ã¨è±ªè¯å£°å„ªé™£ï¼ï¼ https://t.co/xWvRbzMsWG,2024-03-23,05:08:46,46,Business Taxonomy,Categories within Brand Verticals that narrow down the scope of Brands,1557696940178935808,Gaming Business,"Brands, companies, advertisers and every non-person handle with the profit intent related to offline and online games such as gaming consoles, tabletop games, video game publishers"
1496850875377393669,1771403692543218115,ï¼“ï¼–äººã®ãƒ‰ãƒ¼ãƒ«ãŸã¡ã¨è±ªè¯å£°å„ªé™£ï¼ï¼ https://t.co/xWvRbzMsWG,2024-03-23,05:08:46,131,Unified Twitter Taxonomy,A taxonomy of user interests. ,1191379707473715201,Voice actors,
1496850875377393669,1771403689955299450,"ğŸ”— ãƒªãƒ³ã‚¯
ğŸ”¹JGG Discord Delitheãƒ•ã‚©ãƒ¼ãƒ©ãƒ 
https://t.co/olG8ZdFcpG

ğŸ”¹è¨˜äº‹
ã€è€ƒå¯Ÿã€‘ãƒ©ã‚¹ãƒ¡ãƒ¢ã®ADPï¼ˆã‚¨ã‚¢ãƒ‰ãƒ­ãƒã‚¤ãƒ³ãƒˆï¼‰è¨ˆç®—ã—ã¦ã¿ãŸ
https://t.co/V05Jnblbnc

ğŸ”¹ãƒ©ã‚¹ãƒ¡ãƒ¢å…¬å¼
https://t.co/88LimFvNzv

ğŸ”¹ãƒ‘ãƒ–ãƒªãƒƒã‚¯ã‚»ãƒ¼ãƒ«ä¼šå ´
https://t.co/jh7feBPPy6",2024-03-23,05:08:45,46,Business Taxonomy,Categories within Brand Verticals that narrow down the scope of Brands,1557696848252391426,Financial Services Business,"Brands, companies, advertisers and every non-person handle with the profit intent related to Banks, Credit cards, Insurance, Investments, Stocks "
1496850875377393669,1771403689955299450,"ğŸ”— ãƒªãƒ³ã‚¯
ğŸ”¹JGG Discord Delitheãƒ•ã‚©ãƒ¼ãƒ©ãƒ 
https://t.co/olG8ZdFcpG

ğŸ”¹è¨˜äº‹
ã€è€ƒå¯Ÿã€‘ãƒ©ã‚¹ãƒ¡ãƒ¢ã®ADPï¼ˆã‚¨ã‚¢ãƒ‰ãƒ­ãƒã‚¤ãƒ³ãƒˆï¼‰è¨ˆç®—ã—ã¦ã¿ãŸ
https://t.co/V05Jnblbnc

ğŸ”¹ãƒ©ã‚¹ãƒ¡ãƒ¢å…¬å¼
https://t.co/88LimFvNzv

ğŸ”¹ãƒ‘ãƒ–ãƒªãƒƒã‚¯ã‚»ãƒ¼ãƒ«ä¼šå ´
https://t.co/jh7feBPPy6",2024-03-23,05:08:45,47,Brand,Brands and Companies,1168499224297656321,Discord,
1496850875377393669,1771403689955299450,"ğŸ”— ãƒªãƒ³ã‚¯
ğŸ”¹JGG Discord Delitheãƒ•ã‚©ãƒ¼ãƒ©ãƒ 
https://t.co/olG8ZdFcpG

ğŸ”¹è¨˜äº‹
ã€è€ƒå¯Ÿã€‘ãƒ©ã‚¹ãƒ¡ãƒ¢ã®ADPï¼ˆã‚¨ã‚¢ãƒ‰ãƒ­ãƒã‚¤ãƒ³ãƒˆï¼‰è¨ˆç®—ã—ã¦ã¿ãŸ
https://t.co/V05Jnblbnc

ğŸ”¹ãƒ©ã‚¹ãƒ¡ãƒ¢å…¬å¼
https://t.co/88LimFvNzv

ğŸ”¹ãƒ‘ãƒ–ãƒªãƒƒã‚¯ã‚»ãƒ¼ãƒ«ä¼šå ´
https://t.co/jh7feBPPy6",2024-03-23,05:08:45,66,Interests and Hobbies Category,"A grouping of interests and hobbies entities, like Novelty Food or Destinations",1369311988040355840,NFTs,Non-fungible tokens
1496850875377393669,1771403689955299450,"ğŸ”— ãƒªãƒ³ã‚¯
ğŸ”¹JGG Discord Delitheãƒ•ã‚©ãƒ¼ãƒ©ãƒ 
https://t.co/olG8ZdFcpG

ğŸ”¹è¨˜äº‹
ã€è€ƒå¯Ÿã€‘ãƒ©ã‚¹ãƒ¡ãƒ¢ã®ADPï¼ˆã‚¨ã‚¢ãƒ‰ãƒ­ãƒã‚¤ãƒ³ãƒˆï¼‰è¨ˆç®—ã—ã¦ã¿ãŸ
https://t.co/V05Jnblbnc

ğŸ”¹ãƒ©ã‚¹ãƒ¡ãƒ¢å…¬å¼
https://t.co/88LimFvNzv

ğŸ”¹ãƒ‘ãƒ–ãƒªãƒƒã‚¯ã‚»ãƒ¼ãƒ«ä¼šå ´
https://t.co/jh7feBPPy6",2024-03-23,05:08:45,165,Technology,"for individual and types of technology, e.g., food technology, 3D printing",1196446161223028736,Social media,
1496850875377393669,1771403687438758179,"Delithe - Last Memories -
âš–ï¸ è¨¼äººå–šå•AMAâš–ï¸ 
ğŸ“Œ3æœˆ25æ—¥(æœˆ) 22:00ï½
ğŸ“ŒJGG Discord AMAä¼šå ´ã«ã¦
ğŸ“ŒReward: ã‚¨ã‚¢ãƒ‰ãƒ­SBT x 10
#äº•é§’ã‚†ã‚Šãˆ (æ¨ã—ã®å­ï¼šãƒ«ãƒ“ãƒ¼)
#ç«¹é”å½©å¥ˆ (SAOï¼šãƒªãƒ¼ãƒ•ã‚¡)
#é¬¼é ­æ˜é‡Œ (é¬¼æ»…ã®åˆƒï¼šç¦°è±†å­) 
ãªã©ãªã©ã€äººæ°—å£°å„ªãŒå¤šæ•°å‡ºæ¼”ï¼
è¶…æœŸå¾…ã®Web3ã‚²ãƒ¼ãƒ ã€#ãƒ‡ã‚£ãƒ©ã‚¤ã‚º #ãƒ©ã‚¹ãƒ¡ãƒ¢â€¦ https://t.co/atcgrXlb7y https://t.co/vF2KxVUFjd",2024-03-23,05:08:44,3,TV Shows,Television shows from around the world,10056081984,é¬¼æ»…ã®åˆƒ,ã€Œé€±åˆŠå°‘å¹´ã‚¸ãƒ£ãƒ³ãƒ—ã€ã«ã¦å¤§å¥½è©•é€£è¼‰ä¸­ã®æ¼«ç”»ã‚’ã‚¢ãƒ‹ãƒ¡åŒ–ã€‚å¤§æ­£æ™‚ä»£ã®æ—¥æœ¬ã‚’èˆå°ã«ã€äººã¨é¬¼ã¨ãŒç¹”ã‚Šãªã™å“€ã—ãå…„å¦¹ã®ç‰©èªã‚’æã„ãŸè¡€é¢¨å‰£æˆŸå†’é™ºè­šã€‚é¬¼ã«å®¶æ—ã‚’æ®ºã•ã‚Œã€ç”Ÿãæ®‹ã£ãŸå¦¹ã‚‚é¬¼ã«ã•ã‚Œã¦ã—ã¾ã£ãŸå¿ƒå„ªã—ã„å°‘å¹´ãƒ»ç‚­æ²»éƒã¯ã€å¦¹ã‚’äººé–“ã«æˆ»ã—ã€å®¶æ—ã®ä»‡ã‚’è¨ã¤ãŸã‚ã€é¬¼æ®ºéšŠã«å…¥éšŠã™ã‚‹ã€‚
1496850875377393669,1771403687438758179,"Delithe - Last Memories -
âš–ï¸ è¨¼äººå–šå•AMAâš–ï¸ 
ğŸ“Œ3æœˆ25æ—¥(æœˆ) 22:00ï½
ğŸ“ŒJGG Discord AMAä¼šå ´ã«ã¦
ğŸ“ŒReward: ã‚¨ã‚¢ãƒ‰ãƒ­SBT x 10
#äº•é§’ã‚†ã‚Šãˆ (æ¨ã—ã®å­ï¼šãƒ«ãƒ“ãƒ¼)
#ç«¹é”å½©å¥ˆ (SAOï¼šãƒªãƒ¼ãƒ•ã‚¡)
#é¬¼é ­æ˜é‡Œ (é¬¼æ»…ã®åˆƒï¼šç¦°è±†å­) 
ãªã©ãªã©ã€äººæ°—å£°å„ªãŒå¤šæ•°å‡ºæ¼”ï¼
è¶…æœŸå¾…ã®Web3ã‚²ãƒ¼ãƒ ã€#ãƒ‡ã‚£ãƒ©ã‚¤ã‚º #ãƒ©ã‚¹ãƒ¡ãƒ¢â€¦ https://t.co/atcgrXlb7y https://t.co/vF2KxVUFjd",2024-03-23,05:08:44,10,Person,Named people in the world like Nelson Mandela,1038153041289998336,Ayana Taketatsu,Ayana Taketatsu (ç«¹é”å½©å¥ˆ)
1496850875377393669,1771403687438758179,"Delithe - Last Memories -
âš–ï¸ è¨¼äººå–šå•AMAâš–ï¸ 
ğŸ“Œ3æœˆ25æ—¥(æœˆ) 22:00ï½
ğŸ“ŒJGG Discord AMAä¼šå ´ã«ã¦
ğŸ“ŒReward: ã‚¨ã‚¢ãƒ‰ãƒ­SBT x 10
#äº•é§’ã‚†ã‚Šãˆ (æ¨ã—ã®å­ï¼šãƒ«ãƒ“ãƒ¼)
#ç«¹é”å½©å¥ˆ (SAOï¼šãƒªãƒ¼ãƒ•ã‚¡)
#é¬¼é ­æ˜é‡Œ (é¬¼æ»…ã®åˆƒï¼šç¦°è±†å­) 
ãªã©ãªã©ã€äººæ°—å£°å„ªãŒå¤šæ•°å‡ºæ¼”ï¼
è¶…æœŸå¾…ã®Web3ã‚²ãƒ¼ãƒ ã€#ãƒ‡ã‚£ãƒ©ã‚¤ã‚º #ãƒ©ã‚¹ãƒ¡ãƒ¢â€¦ https://t.co/atcgrXlb7y https://t.co/vF2KxVUFjd",2024-03-23,05:08:44,46,Business Taxonomy,Categories within Brand Verticals that narrow down the scope of Brands,1557696802391859201,Entertainment & Leisure Business,"Brands, companies, advertisers and every non-person handle with the profit intent related to movies, music, television, franchises, venues, theme parks, toys, tourism, hotels"
1496850875377393669,1771403687438758179,"Delithe - Last Memories -
âš–ï¸ è¨¼äººå–šå•AMAâš–ï¸ 
ğŸ“Œ3æœˆ25æ—¥(æœˆ) 22:00ï½
ğŸ“ŒJGG Discord AMAä¼šå ´ã«ã¦
ğŸ“ŒReward: ã‚¨ã‚¢ãƒ‰ãƒ­SBT x 10
#äº•é§’ã‚†ã‚Šãˆ (æ¨ã—ã®å­ï¼šãƒ«ãƒ“ãƒ¼)
#ç«¹é”å½©å¥ˆ (SAOï¼šãƒªãƒ¼ãƒ•ã‚¡)
#é¬¼é ­æ˜é‡Œ (é¬¼æ»…ã®åˆƒï¼šç¦°è±†å­) 
ãªã©ãªã©ã€äººæ°—å£°å„ªãŒå¤šæ•°å‡ºæ¼”ï¼
è¶…æœŸå¾…ã®Web3ã‚²ãƒ¼ãƒ ã€#ãƒ‡ã‚£ãƒ©ã‚¤ã‚º #ãƒ©ã‚¹ãƒ¡ãƒ¢â€¦ https://t.co/atcgrXlb7y https://t.co/vF2KxVUFjd",2024-03-23,05:08:44,46,Business Taxonomy,Categories within Brand Verticals that narrow down the scope of Brands,1557696940178935808,Gaming Business,"Brands, companies, advertisers and every non-person handle with the profit intent related to offline and online games such as gaming consoles, tabletop games, video game publishers"
1496850875377393669,1771403687438758179,"Delithe - Last Memories -
âš–ï¸ è¨¼äººå–šå•AMAâš–ï¸ 
ğŸ“Œ3æœˆ25æ—¥(æœˆ) 22:00ï½
ğŸ“ŒJGG Discord AMAä¼šå ´ã«ã¦
ğŸ“ŒReward: ã‚¨ã‚¢ãƒ‰ãƒ­SBT x 10
#äº•é§’ã‚†ã‚Šãˆ (æ¨ã—ã®å­ï¼šãƒ«ãƒ“ãƒ¼)
#ç«¹é”å½©å¥ˆ (SAOï¼šãƒªãƒ¼ãƒ•ã‚¡)
#é¬¼é ­æ˜é‡Œ (é¬¼æ»…ã®åˆƒï¼šç¦°è±†å­) 
ãªã©ãªã©ã€äººæ°—å£°å„ªãŒå¤šæ•°å‡ºæ¼”ï¼
è¶…æœŸå¾…ã®Web3ã‚²ãƒ¼ãƒ ã€#ãƒ‡ã‚£ãƒ©ã‚¤ã‚º #ãƒ©ã‚¹ãƒ¡ãƒ¢â€¦ https://t.co/atcgrXlb7y https://t.co/vF2KxVUFjd",2024-03-23,05:08:44,46,Business Taxonomy,Categories within Brand Verticals that narrow down the scope of Brands,1557697333571112960,Technology Business,"Brands, companies, advertisers and every non-person handle with the profit intent related to softwares, apps, communication equipments, hardwares"
1496850875377393669,1771403687438758179,"Delithe - Last Memories -
âš–ï¸ è¨¼äººå–šå•AMAâš–ï¸ 
ğŸ“Œ3æœˆ25æ—¥(æœˆ) 22:00ï½
ğŸ“ŒJGG Discord AMAä¼šå ´ã«ã¦
ğŸ“ŒReward: ã‚¨ã‚¢ãƒ‰ãƒ­SBT x 10
#äº•é§’ã‚†ã‚Šãˆ (æ¨ã—ã®å­ï¼šãƒ«ãƒ“ãƒ¼)
#ç«¹é”å½©å¥ˆ (SAOï¼šãƒªãƒ¼ãƒ•ã‚¡)
#é¬¼é ­æ˜é‡Œ (é¬¼æ»…ã®åˆƒï¼šç¦°è±†å­) 
ãªã©ãªã©ã€äººæ°—å£°å„ªãŒå¤šæ•°å‡ºæ¼”ï¼
è¶…æœŸå¾…ã®Web3ã‚²ãƒ¼ãƒ ã€#ãƒ‡ã‚£ãƒ©ã‚¤ã‚º #ãƒ©ã‚¹ãƒ¡ãƒ¢â€¦ https://t.co/atcgrXlb7y https://t.co/vF2KxVUFjd",2024-03-23,05:08:44,47,Brand,Brands and Companies,1168499224297656321,Discord,
1496850875377393669,1771403687438758179,"Delithe - Last Memories -
âš–ï¸ è¨¼äººå–šå•AMAâš–ï¸ 
ğŸ“Œ3æœˆ25æ—¥(æœˆ) 22:00ï½
ğŸ“ŒJGG Discord AMAä¼šå ´ã«ã¦
ğŸ“ŒReward: ã‚¨ã‚¢ãƒ‰ãƒ­SBT x 10
#äº•é§’ã‚†ã‚Šãˆ (æ¨ã—ã®å­ï¼šãƒ«ãƒ“ãƒ¼)
#ç«¹é”å½©å¥ˆ (SAOï¼šãƒªãƒ¼ãƒ•ã‚¡)
#é¬¼é ­æ˜é‡Œ (é¬¼æ»…ã®åˆƒï¼šç¦°è±†å­) 
ãªã©ãªã©ã€äººæ°—å£°å„ªãŒå¤šæ•°å‡ºæ¼”ï¼
è¶…æœŸå¾…ã®Web3ã‚²ãƒ¼ãƒ ã€#ãƒ‡ã‚£ãƒ©ã‚¤ã‚º #ãƒ©ã‚¹ãƒ¡ãƒ¢â€¦ https://t.co/atcgrXlb7y https://t.co/vF2KxVUFjd",2024-03-23,05:08:44,56,Actor,"An actor or actress in the world, like Kate Winslet or Leonardo DiCaprio",1038153041289998336,Ayana Taketatsu,Ayana Taketatsu (ç«¹é”å½©å¥ˆ)
1496850875377393669,1771403687438758179,"Delithe - Last Memories -
âš–ï¸ è¨¼äººå–šå•AMAâš–ï¸ 
ğŸ“Œ3æœˆ25æ—¥(æœˆ) 22:00ï½
ğŸ“ŒJGG Discord AMAä¼šå ´ã«ã¦
ğŸ“ŒReward: ã‚¨ã‚¢ãƒ‰ãƒ­SBT x 10
#äº•é§’ã‚†ã‚Šãˆ (æ¨ã—ã®å­ï¼šãƒ«ãƒ“ãƒ¼)
#ç«¹é”å½©å¥ˆ (SAOï¼šãƒªãƒ¼ãƒ•ã‚¡)
#é¬¼é ­æ˜é‡Œ (é¬¼æ»…ã®åˆƒï¼šç¦°è±†å­) 
ãªã©ãªã©ã€äººæ°—å£°å„ªãŒå¤šæ•°å‡ºæ¼”ï¼
è¶…æœŸå¾…ã®Web3ã‚²ãƒ¼ãƒ ã€#ãƒ‡ã‚£ãƒ©ã‚¤ã‚º #ãƒ©ã‚¹ãƒ¡ãƒ¢â€¦ https://t.co/atcgrXlb7y https://t.co/vF2KxVUFjd",2024-03-23,05:08:44,130,Multimedia Franchise,Franchises which span multiple forms of media like 'Harry Potter',1201944708823433218,Demon Slayer,
1496850875377393669,1771403687438758179,"Delithe - Last Memories -
âš–ï¸ è¨¼äººå–šå•AMAâš–ï¸ 
ğŸ“Œ3æœˆ25æ—¥(æœˆ) 22:00ï½
ğŸ“ŒJGG Discord AMAä¼šå ´ã«ã¦
ğŸ“ŒReward: ã‚¨ã‚¢ãƒ‰ãƒ­SBT x 10
#äº•é§’ã‚†ã‚Šãˆ (æ¨ã—ã®å­ï¼šãƒ«ãƒ“ãƒ¼)
#ç«¹é”å½©å¥ˆ (SAOï¼šãƒªãƒ¼ãƒ•ã‚¡)
#é¬¼é ­æ˜é‡Œ (é¬¼æ»…ã®åˆƒï¼šç¦°è±†å­) 
ãªã©ãªã©ã€äººæ°—å£°å„ªãŒå¤šæ•°å‡ºæ¼”ï¼
è¶…æœŸå¾…ã®Web3ã‚²ãƒ¼ãƒ ã€#ãƒ‡ã‚£ãƒ©ã‚¤ã‚º #ãƒ©ã‚¹ãƒ¡ãƒ¢â€¦ https://t.co/atcgrXlb7y https://t.co/vF2KxVUFjd",2024-03-23,05:08:44,130,Multimedia Franchise,Franchises which span multiple forms of media like 'Harry Potter',1207748025281466368,Sword Art Online,
1496850875377393669,1771403687438758179,"Delithe - Last Memories -
âš–ï¸ è¨¼äººå–šå•AMAâš–ï¸ 
ğŸ“Œ3æœˆ25æ—¥(æœˆ) 22:00ï½
ğŸ“ŒJGG Discord AMAä¼šå ´ã«ã¦
ğŸ“ŒReward: ã‚¨ã‚¢ãƒ‰ãƒ­SBT x 10
#äº•é§’ã‚†ã‚Šãˆ (æ¨ã—ã®å­ï¼šãƒ«ãƒ“ãƒ¼)
#ç«¹é”å½©å¥ˆ (SAOï¼šãƒªãƒ¼ãƒ•ã‚¡)
#é¬¼é ­æ˜é‡Œ (é¬¼æ»…ã®åˆƒï¼šç¦°è±†å­) 
ãªã©ãªã©ã€äººæ°—å£°å„ªãŒå¤šæ•°å‡ºæ¼”ï¼
è¶…æœŸå¾…ã®Web3ã‚²ãƒ¼ãƒ ã€#ãƒ‡ã‚£ãƒ©ã‚¤ã‚º #ãƒ©ã‚¹ãƒ¡ãƒ¢â€¦ https://t.co/atcgrXlb7y https://t.co/vF2KxVUFjd",2024-03-23,05:08:44,131,Unified Twitter Taxonomy,A taxonomy of user interests. ,839543165002506240,Anime,
1496850875377393669,1771403687438758179,"Delithe - Last Memories -
âš–ï¸ è¨¼äººå–šå•AMAâš–ï¸ 
ğŸ“Œ3æœˆ25æ—¥(æœˆ) 22:00ï½
ğŸ“ŒJGG Discord AMAä¼šå ´ã«ã¦
ğŸ“ŒReward: ã‚¨ã‚¢ãƒ‰ãƒ­SBT x 10
#äº•é§’ã‚†ã‚Šãˆ (æ¨ã—ã®å­ï¼šãƒ«ãƒ“ãƒ¼)
#ç«¹é”å½©å¥ˆ (SAOï¼šãƒªãƒ¼ãƒ•ã‚¡)
#é¬¼é ­æ˜é‡Œ (é¬¼æ»…ã®åˆƒï¼šç¦°è±†å­) 
ãªã©ãªã©ã€äººæ°—å£°å„ªãŒå¤šæ•°å‡ºæ¼”ï¼
è¶…æœŸå¾…ã®Web3ã‚²ãƒ¼ãƒ ã€#ãƒ‡ã‚£ãƒ©ã‚¤ã‚º #ãƒ©ã‚¹ãƒ¡ãƒ¢â€¦ https://t.co/atcgrXlb7y https://t.co/vF2KxVUFjd",2024-03-23,05:08:44,131,Unified Twitter Taxonomy,A taxonomy of user interests. ,1038153041289998336,Ayana Taketatsu,Ayana Taketatsu (ç«¹é”å½©å¥ˆ)
1496850875377393669,1771403687438758179,"Delithe - Last Memories -
âš–ï¸ è¨¼äººå–šå•AMAâš–ï¸ 
ğŸ“Œ3æœˆ25æ—¥(æœˆ) 22:00ï½
ğŸ“ŒJGG Discord AMAä¼šå ´ã«ã¦
ğŸ“ŒReward: ã‚¨ã‚¢ãƒ‰ãƒ­SBT x 10
#äº•é§’ã‚†ã‚Šãˆ (æ¨ã—ã®å­ï¼šãƒ«ãƒ“ãƒ¼)
#ç«¹é”å½©å¥ˆ (SAOï¼šãƒªãƒ¼ãƒ•ã‚¡)
#é¬¼é ­æ˜é‡Œ (é¬¼æ»…ã®åˆƒï¼šç¦°è±†å­) 
ãªã©ãªã©ã€äººæ°—å£°å„ªãŒå¤šæ•°å‡ºæ¼”ï¼
è¶…æœŸå¾…ã®Web3ã‚²ãƒ¼ãƒ ã€#ãƒ‡ã‚£ãƒ©ã‚¤ã‚º #ãƒ©ã‚¹ãƒ¡ãƒ¢â€¦ https://t.co/atcgrXlb7y https://t.co/vF2KxVUFjd",2024-03-23,05:08:44,131,Unified Twitter Taxonomy,A taxonomy of user interests. ,1191379707473715201,Voice actors,
1496850875377393669,1771403687438758179,"Delithe - Last Memories -
âš–ï¸ è¨¼äººå–šå•AMAâš–ï¸ 
ğŸ“Œ3æœˆ25æ—¥(æœˆ) 22:00ï½
ğŸ“ŒJGG Discord AMAä¼šå ´ã«ã¦
ğŸ“ŒReward: ã‚¨ã‚¢ãƒ‰ãƒ­SBT x 10
#äº•é§’ã‚†ã‚Šãˆ (æ¨ã—ã®å­ï¼šãƒ«ãƒ“ãƒ¼)
#ç«¹é”å½©å¥ˆ (SAOï¼šãƒªãƒ¼ãƒ•ã‚¡)
#é¬¼é ­æ˜é‡Œ (é¬¼æ»…ã®åˆƒï¼šç¦°è±†å­) 
ãªã©ãªã©ã€äººæ°—å£°å„ªãŒå¤šæ•°å‡ºæ¼”ï¼
è¶…æœŸå¾…ã®Web3ã‚²ãƒ¼ãƒ ã€#ãƒ‡ã‚£ãƒ©ã‚¤ã‚º #ãƒ©ã‚¹ãƒ¡ãƒ¢â€¦ https://t.co/atcgrXlb7y https://t.co/vF2KxVUFjd",2024-03-23,05:08:44,131,Unified Twitter Taxonomy,A taxonomy of user interests. ,1201944708823433218,Demon Slayer,
1496850875377393669,1771403687438758179,"Delithe - Last Memories -
âš–ï¸ è¨¼äººå–šå•AMAâš–ï¸ 
ğŸ“Œ3æœˆ25æ—¥(æœˆ) 22:00ï½
ğŸ“ŒJGG Discord AMAä¼šå ´ã«ã¦
ğŸ“ŒReward: ã‚¨ã‚¢ãƒ‰ãƒ­SBT x 10
#äº•é§’ã‚†ã‚Šãˆ (æ¨ã—ã®å­ï¼šãƒ«ãƒ“ãƒ¼)
#ç«¹é”å½©å¥ˆ (SAOï¼šãƒªãƒ¼ãƒ•ã‚¡)
#é¬¼é ­æ˜é‡Œ (é¬¼æ»…ã®åˆƒï¼šç¦°è±†å­) 
ãªã©ãªã©ã€äººæ°—å£°å„ªãŒå¤šæ•°å‡ºæ¼”ï¼
è¶…æœŸå¾…ã®Web3ã‚²ãƒ¼ãƒ ã€#ãƒ‡ã‚£ãƒ©ã‚¤ã‚º #ãƒ©ã‚¹ãƒ¡ãƒ¢â€¦ https://t.co/atcgrXlb7y https://t.co/vF2KxVUFjd",2024-03-23,05:08:44,131,Unified Twitter Taxonomy,A taxonomy of user interests. ,1207748025281466368,Sword Art Online,
1496850875377393669,1771403687438758179,"Delithe - Last Memories -
âš–ï¸ è¨¼äººå–šå•AMAâš–ï¸ 
ğŸ“Œ3æœˆ25æ—¥(æœˆ) 22:00ï½
ğŸ“ŒJGG Discord AMAä¼šå ´ã«ã¦
ğŸ“ŒReward: ã‚¨ã‚¢ãƒ‰ãƒ­SBT x 10
#äº•é§’ã‚†ã‚Šãˆ (æ¨ã—ã®å­ï¼šãƒ«ãƒ“ãƒ¼)
#ç«¹é”å½©å¥ˆ (SAOï¼šãƒªãƒ¼ãƒ•ã‚¡)
#é¬¼é ­æ˜é‡Œ (é¬¼æ»…ã®åˆƒï¼šç¦°è±†å­) 
ãªã©ãªã©ã€äººæ°—å£°å„ªãŒå¤šæ•°å‡ºæ¼”ï¼
è¶…æœŸå¾…ã®Web3ã‚²ãƒ¼ãƒ ã€#ãƒ‡ã‚£ãƒ©ã‚¤ã‚º #ãƒ©ã‚¹ãƒ¡ãƒ¢â€¦ https://t.co/atcgrXlb7y https://t.co/vF2KxVUFjd",2024-03-23,05:08:44,131,Unified Twitter Taxonomy,A taxonomy of user interests. ,1297951101136732160,Animation & comics,
1496850875377393669,1771403687438758179,"Delithe - Last Memories -
âš–ï¸ è¨¼äººå–šå•AMAâš–ï¸ 
ğŸ“Œ3æœˆ25æ—¥(æœˆ) 22:00ï½
ğŸ“ŒJGG Discord AMAä¼šå ´ã«ã¦
ğŸ“ŒReward: ã‚¨ã‚¢ãƒ‰ãƒ­SBT x 10
#äº•é§’ã‚†ã‚Šãˆ (æ¨ã—ã®å­ï¼šãƒ«ãƒ“ãƒ¼)
#ç«¹é”å½©å¥ˆ (SAOï¼šãƒªãƒ¼ãƒ•ã‚¡)
#é¬¼é ­æ˜é‡Œ (é¬¼æ»…ã®åˆƒï¼šç¦°è±†å­) 
ãªã©ãªã©ã€äººæ°—å£°å„ªãŒå¤šæ•°å‡ºæ¼”ï¼
è¶…æœŸå¾…ã®Web3ã‚²ãƒ¼ãƒ ã€#ãƒ‡ã‚£ãƒ©ã‚¤ã‚º #ãƒ©ã‚¹ãƒ¡ãƒ¢â€¦ https://t.co/atcgrXlb7y https://t.co/vF2KxVUFjd",2024-03-23,05:08:44,131,Unified Twitter Taxonomy,A taxonomy of user interests. ,1299365067415154689,Animation news,
1496850875377393669,1771403687438758179,"Delithe - Last Memories -
âš–ï¸ è¨¼äººå–šå•AMAâš–ï¸ 
ğŸ“Œ3æœˆ25æ—¥(æœˆ) 22:00ï½
ğŸ“ŒJGG Discord AMAä¼šå ´ã«ã¦
ğŸ“ŒReward: ã‚¨ã‚¢ãƒ‰ãƒ­SBT x 10
#äº•é§’ã‚†ã‚Šãˆ (æ¨ã—ã®å­ï¼šãƒ«ãƒ“ãƒ¼)
#ç«¹é”å½©å¥ˆ (SAOï¼šãƒªãƒ¼ãƒ•ã‚¡)
#é¬¼é ­æ˜é‡Œ (é¬¼æ»…ã®åˆƒï¼šç¦°è±†å­) 
ãªã©ãªã©ã€äººæ°—å£°å„ªãŒå¤šæ•°å‡ºæ¼”ï¼
è¶…æœŸå¾…ã®Web3ã‚²ãƒ¼ãƒ ã€#ãƒ‡ã‚£ãƒ©ã‚¤ã‚º #ãƒ©ã‚¹ãƒ¡ãƒ¢â€¦ https://t.co/atcgrXlb7y https://t.co/vF2KxVUFjd",2024-03-23,05:08:44,131,Unified Twitter Taxonomy,A taxonomy of user interests. ,1490809261881888769,Animated works,categorical; should not ship as a topic
1496850875377393669,1771403687438758179,"Delithe - Last Memories -
âš–ï¸ è¨¼äººå–šå•AMAâš–ï¸ 
ğŸ“Œ3æœˆ25æ—¥(æœˆ) 22:00ï½
ğŸ“ŒJGG Discord AMAä¼šå ´ã«ã¦
ğŸ“ŒReward: ã‚¨ã‚¢ãƒ‰ãƒ­SBT x 10
#äº•é§’ã‚†ã‚Šãˆ (æ¨ã—ã®å­ï¼šãƒ«ãƒ“ãƒ¼)
#ç«¹é”å½©å¥ˆ (SAOï¼šãƒªãƒ¼ãƒ•ã‚¡)
#é¬¼é ­æ˜é‡Œ (é¬¼æ»…ã®åˆƒï¼šç¦°è±†å­) 
ãªã©ãªã©ã€äººæ°—å£°å„ªãŒå¤šæ•°å‡ºæ¼”ï¼
è¶…æœŸå¾…ã®Web3ã‚²ãƒ¼ãƒ ã€#ãƒ‡ã‚£ãƒ©ã‚¤ã‚º #ãƒ©ã‚¹ãƒ¡ãƒ¢â€¦ https://t.co/atcgrXlb7y https://t.co/vF2KxVUFjd",2024-03-23,05:08:44,165,Technology,"for individual and types of technology, e.g., food technology, 3D printing",1196446161223028736,Social media,
1496850875377393669,1771024091224686620,"ã€MARBLEX Puzzle NFT GiveawayğŸã€‘

ã‚²ãƒ¼ãƒãƒ¼ãªã‚‰èª°ã‚‚ãŒã”å­˜çŸ¥Netmarbleã®web3éƒ¨é–€MARBLEXãŒä¼šå“¡è¨¼ã§ã‚ã‚‹Lunar Animalsã‚’ãƒ­ãƒ¼ãƒ³ãƒã—ã¾ã—ãŸğŸ€ğŸ®ğŸ…ğŸ‡

é›†ã‚ã‚Œã°ãƒ¡ãƒ³ãƒãƒ¼ã‚·ãƒƒãƒ—NFTã§ã‚ã‚‹Lunar Animalsã«äº¤æ›ã§ãã‚‹puzzleã‚’20åæ§˜ã«ãƒ—ãƒ¬ã‚¼ãƒ³ãƒˆğŸ

@A86883604 ã‚‚ãŒã£ã¤ã‚Šè§¦ã£ã¦ã¾ã™ğŸ‘

ãƒ—ãƒ©ãƒƒãƒˆãƒ•ã‚©ãƒ¼ãƒ â€¦ https://t.co/zejnYoGxUA https://t.co/4Kuf6xa8By",2024-03-22,04:00:22,46,Business Taxonomy,Categories within Brand Verticals that narrow down the scope of Brands,1557696848252391426,Financial Services Business,"Brands, companies, advertisers and every non-person handle with the profit intent related to Banks, Credit cards, Insurance, Investments, Stocks "
1496850875377393669,1771024091224686620,"ã€MARBLEX Puzzle NFT GiveawayğŸã€‘

ã‚²ãƒ¼ãƒãƒ¼ãªã‚‰èª°ã‚‚ãŒã”å­˜çŸ¥Netmarbleã®web3éƒ¨é–€MARBLEXãŒä¼šå“¡è¨¼ã§ã‚ã‚‹Lunar Animalsã‚’ãƒ­ãƒ¼ãƒ³ãƒã—ã¾ã—ãŸğŸ€ğŸ®ğŸ…ğŸ‡

é›†ã‚ã‚Œã°ãƒ¡ãƒ³ãƒãƒ¼ã‚·ãƒƒãƒ—NFTã§ã‚ã‚‹Lunar Animalsã«äº¤æ›ã§ãã‚‹puzzleã‚’20åæ§˜ã«ãƒ—ãƒ¬ã‚¼ãƒ³ãƒˆğŸ

@A86883604 ã‚‚ãŒã£ã¤ã‚Šè§¦ã£ã¦ã¾ã™ğŸ‘

ãƒ—ãƒ©ãƒƒãƒˆãƒ•ã‚©ãƒ¼ãƒ â€¦ https://t.co/zejnYoGxUA https://t.co/4Kuf6xa8By",2024-03-22,04:00:22,46,Business Taxonomy,Categories within Brand Verticals that narrow down the scope of Brands,1557696940178935808,Gaming Business,"Brands, companies, advertisers and every non-person handle with the profit intent related to offline and online games such as gaming consoles, tabletop games, video game publishers"
1496850875377393669,1771024091224686620,"ã€MARBLEX Puzzle NFT GiveawayğŸã€‘

ã‚²ãƒ¼ãƒãƒ¼ãªã‚‰èª°ã‚‚ãŒã”å­˜çŸ¥Netmarbleã®web3éƒ¨é–€MARBLEXãŒä¼šå“¡è¨¼ã§ã‚ã‚‹Lunar Animalsã‚’ãƒ­ãƒ¼ãƒ³ãƒã—ã¾ã—ãŸğŸ€ğŸ®ğŸ…ğŸ‡

é›†ã‚ã‚Œã°ãƒ¡ãƒ³ãƒãƒ¼ã‚·ãƒƒãƒ—NFTã§ã‚ã‚‹Lunar Animalsã«äº¤æ›ã§ãã‚‹puzzleã‚’20åæ§˜ã«ãƒ—ãƒ¬ã‚¼ãƒ³ãƒˆğŸ

@A86883604 ã‚‚ãŒã£ã¤ã‚Šè§¦ã£ã¦ã¾ã™ğŸ‘

ãƒ—ãƒ©ãƒƒãƒˆãƒ•ã‚©ãƒ¼ãƒ â€¦ https://t.co/zejnYoGxUA https://t.co/4Kuf6xa8By",2024-03-22,04:00:22,46,Business Taxonomy,Categories within Brand Verticals that narrow down the scope of Brands,1557697333571112960,Technology Business,"Brands, companies, advertisers and every non-person handle with the profit intent related to softwares, apps, communication equipments, hardwares"
1496850875377393669,1771024091224686620,"ã€MARBLEX Puzzle NFT GiveawayğŸã€‘

ã‚²ãƒ¼ãƒãƒ¼ãªã‚‰èª°ã‚‚ãŒã”å­˜çŸ¥Netmarbleã®web3éƒ¨é–€MARBLEXãŒä¼šå“¡è¨¼ã§ã‚ã‚‹Lunar Animalsã‚’ãƒ­ãƒ¼ãƒ³ãƒã—ã¾ã—ãŸğŸ€ğŸ®ğŸ…ğŸ‡

é›†ã‚ã‚Œã°ãƒ¡ãƒ³ãƒãƒ¼ã‚·ãƒƒãƒ—NFTã§ã‚ã‚‹Lunar Animalsã«äº¤æ›ã§ãã‚‹puzzleã‚’20åæ§˜ã«ãƒ—ãƒ¬ã‚¼ãƒ³ãƒˆğŸ

@A86883604 ã‚‚ãŒã£ã¤ã‚Šè§¦ã£ã¦ã¾ã™ğŸ‘

ãƒ—ãƒ©ãƒƒãƒˆãƒ•ã‚©ãƒ¼ãƒ â€¦ https://t.co/zejnYoGxUA https://t.co/4Kuf6xa8By",2024-03-22,04:00:22,66,Interests and Hobbies Category,"A grouping of interests and hobbies entities, like Novelty Food or Destinations",1369311988040355840,NFTs,Non-fungible tokens
1496850875377393669,1770781327169601770,"3/27ã«ã‚ªãƒ¼ãƒ—ãƒ³ãƒ™ãƒ¼ã‚¿ãƒ†ã‚¹ãƒˆé–‹å§‹äºˆå®šã®Cards Ahoy! ã®Giveawayã‚’å®Ÿæ–½ã—ã¾ã™ï¼ğŸ”¥
å¾ŒåŠã¯Cards Ahoyã®ç´¹ä»‹ã‚‚ã—ã¦ã„ã‚‹ã®ã§ã€ãœã²æœ€å¾Œã¾ã§èª­ã‚“ã§ã„ã£ã¦ãã ã•ã„ï¼

ğŸ SR Lottery GiveawayğŸ

ğŸ’› SR Lottery Ã—2ã‚’5åã«ï¼

ğŸã‚¿ã‚¹ã‚¯ğŸ
1ï¸âƒ£ãƒ•ã‚©ãƒ­ãƒ¼ã€€@JGG_Community,@cardsahoygame,@ViolaAhoy

2ï¸âƒ£Discordå‚åŠ â€¦ https://t.co/doji6PLCcv https://t.co/5AgLOC3oQp",2024-03-21,11:55:42,46,Business Taxonomy,Categories within Brand Verticals that narrow down the scope of Brands,1557696940178935808,Gaming Business,"Brands, companies, advertisers and every non-person handle with the profit intent related to offline and online games such as gaming consoles, tabletop games, video game publishers"
1496850875377393669,1770781327169601770,"3/27ã«ã‚ªãƒ¼ãƒ—ãƒ³ãƒ™ãƒ¼ã‚¿ãƒ†ã‚¹ãƒˆé–‹å§‹äºˆå®šã®Cards Ahoy! ã®Giveawayã‚’å®Ÿæ–½ã—ã¾ã™ï¼ğŸ”¥
å¾ŒåŠã¯Cards Ahoyã®ç´¹ä»‹ã‚‚ã—ã¦ã„ã‚‹ã®ã§ã€ãœã²æœ€å¾Œã¾ã§èª­ã‚“ã§ã„ã£ã¦ãã ã•ã„ï¼

ğŸ SR Lottery GiveawayğŸ

ğŸ’› SR Lottery Ã—2ã‚’5åã«ï¼

ğŸã‚¿ã‚¹ã‚¯ğŸ
1ï¸âƒ£ãƒ•ã‚©ãƒ­ãƒ¼ã€€@JGG_Community,@cardsahoygame,@ViolaAhoy

2ï¸âƒ£Discordå‚åŠ â€¦ https://t.co/doji6PLCcv https://t.co/5AgLOC3oQp",2024-03-21,11:55:42,47,Brand,Brands and Companies,1168499224297656321,Discord,
1496850875377393669,1770781327169601770,"3/27ã«ã‚ªãƒ¼ãƒ—ãƒ³ãƒ™ãƒ¼ã‚¿ãƒ†ã‚¹ãƒˆé–‹å§‹äºˆå®šã®Cards Ahoy! ã®Giveawayã‚’å®Ÿæ–½ã—ã¾ã™ï¼ğŸ”¥
å¾ŒåŠã¯Cards Ahoyã®ç´¹ä»‹ã‚‚ã—ã¦ã„ã‚‹ã®ã§ã€ãœã²æœ€å¾Œã¾ã§èª­ã‚“ã§ã„ã£ã¦ãã ã•ã„ï¼

ğŸ SR Lottery GiveawayğŸ

ğŸ’› SR Lottery Ã—2ã‚’5åã«ï¼

ğŸã‚¿ã‚¹ã‚¯ğŸ
1ï¸âƒ£ãƒ•ã‚©ãƒ­ãƒ¼ã€€@JGG_Community,@cardsahoygame,@ViolaAhoy

2ï¸âƒ£Discordå‚åŠ â€¦ https://t.co/doji6PLCcv https://t.co/5AgLOC3oQp",2024-03-21,11:55:42,165,Technology,"for individual and types of technology, e.g., food technology, 3D printing",1196446161223028736,Social media,
1496850875377393669,1770090004762792158,"JGG Discordã«ã¯ #ãƒ©ã‚¹ãƒ¡ãƒ¢ éƒ¨å±‹ã‚‚å‹¿è«–ã‚ã‚Šã¾ã™ï¼
https://t.co/iSsx8AJp42",2024-03-19,14:08:38,47,Brand,Brands and Companies,1168499224297656321,Discord,
1496850875377393669,1770090004762792158,"JGG Discordã«ã¯ #ãƒ©ã‚¹ãƒ¡ãƒ¢ éƒ¨å±‹ã‚‚å‹¿è«–ã‚ã‚Šã¾ã™ï¼
https://t.co/iSsx8AJp42",2024-03-19,14:08:38,165,Technology,"for individual and types of technology, e.g., food technology, 3D printing",1196446161223028736,Social media,
1496850875377393669,1770090002242036000,"ã€è€ƒå¯Ÿã€‘ãƒ©ã‚¹ãƒ¡ãƒ¢ã®ADPï¼ˆã‚¨ã‚¢ãƒ‰ãƒ­ãƒã‚¤ãƒ³ãƒˆï¼‰è¨ˆç®—ã—ã¦ã¿ãŸã€De:Lithe Last Memoriesã€‘
https://t.co/qjjwtsYCXl

æ–°è¨˜äº‹å…¬é–‹ï¼šJGGã§ã‚‚AMAã‚’é–‹å‚¬ã—ãŸ #ãƒ©ã‚¹ãƒ¡ãƒ¢ ã¯ç¾åœ¨ã€NFTã‚»ãƒ¼ãƒ«ä¸­ï¼†ã‚µãƒ¼ãƒ“ã‚¹ãƒªãƒªãƒ¼ã‚¹ç›´å‰ã¨ã„ã†ã“ã¨ã§ã€æ—¥ã”ã¨ã«ç†±é‡ãŒé«˜ã¾ã£ã¦ã„ã¾ã™ã€‚â€¦ https://t.co/jckOrN7AhC https://t.co/DSuawxU9Q6",2024-03-19,14:08:37,46,Business Taxonomy,Categories within Brand Verticals that narrow down the scope of Brands,1557696848252391426,Financial Services Business,"Brands, companies, advertisers and every non-person handle with the profit intent related to Banks, Credit cards, Insurance, Investments, Stocks "
1496850875377393669,1770090002242036000,"ã€è€ƒå¯Ÿã€‘ãƒ©ã‚¹ãƒ¡ãƒ¢ã®ADPï¼ˆã‚¨ã‚¢ãƒ‰ãƒ­ãƒã‚¤ãƒ³ãƒˆï¼‰è¨ˆç®—ã—ã¦ã¿ãŸã€De:Lithe Last Memoriesã€‘
https://t.co/qjjwtsYCXl

æ–°è¨˜äº‹å…¬é–‹ï¼šJGGã§ã‚‚AMAã‚’é–‹å‚¬ã—ãŸ #ãƒ©ã‚¹ãƒ¡ãƒ¢ ã¯ç¾åœ¨ã€NFTã‚»ãƒ¼ãƒ«ä¸­ï¼†ã‚µãƒ¼ãƒ“ã‚¹ãƒªãƒªãƒ¼ã‚¹ç›´å‰ã¨ã„ã†ã“ã¨ã§ã€æ—¥ã”ã¨ã«ç†±é‡ãŒé«˜ã¾ã£ã¦ã„ã¾ã™ã€‚â€¦ https://t.co/jckOrN7AhC https://t.co/DSuawxU9Q6",2024-03-19,14:08:37,46,Business Taxonomy,Categories within Brand Verticals that narrow down the scope of Brands,1557696940178935808,Gaming Business,"Brands, companies, advertisers and every non-person handle with the profit intent related to offline and online games such as gaming consoles, tabletop games, video game publishers"
1496850875377393669,1770090002242036000,"ã€è€ƒå¯Ÿã€‘ãƒ©ã‚¹ãƒ¡ãƒ¢ã®ADPï¼ˆã‚¨ã‚¢ãƒ‰ãƒ­ãƒã‚¤ãƒ³ãƒˆï¼‰è¨ˆç®—ã—ã¦ã¿ãŸã€De:Lithe Last Memoriesã€‘
https://t.co/qjjwtsYCXl

æ–°è¨˜äº‹å…¬é–‹ï¼šJGGã§ã‚‚AMAã‚’é–‹å‚¬ã—ãŸ #ãƒ©ã‚¹ãƒ¡ãƒ¢ ã¯ç¾åœ¨ã€NFTã‚»ãƒ¼ãƒ«ä¸­ï¼†ã‚µãƒ¼ãƒ“ã‚¹ãƒªãƒªãƒ¼ã‚¹ç›´å‰ã¨ã„ã†ã“ã¨ã§ã€æ—¥ã”ã¨ã«ç†±é‡ãŒé«˜ã¾ã£ã¦ã„ã¾ã™ã€‚â€¦ https://t.co/jckOrN7AhC https://t.co/DSuawxU9Q6",2024-03-19,14:08:37,66,Interests and Hobbies Category,"A grouping of interests and hobbies entities, like Novelty Food or Destinations",1369311988040355840,NFTs,Non-fungible tokens
1496850875377393669,1770013900941218104,"ğŸ†ä»ŠMatr1xã§ä½•ã‚’ã‚„ã‚Œã°ã„ã„ã®..ï¼Ÿ

1âƒ£$MAXã‚’ã‚²ãƒƒãƒˆã™ã‚‹ãŸã‚ã®Airdropæ´»å‹•
ã‚½ãƒ¼ã‚·ãƒ£ãƒ«ã‚¿ã‚¹ã‚¯ã‚„BOXã®é–‹å°ãªã©ã‚’è¡Œã†ã“ã¨ã§ã€MAXãƒã‚¤ãƒ³ãƒˆã‚’ç²å¾—ã§ãã¾ã™ã€‚
ç²å¾—ã—ãŸMAXãƒã‚¤ãƒ³ãƒˆãŒå¤šã‘ã‚Œã°å¤šã„ã»ã©ã‚ˆã‚ŠãŸãã•ã‚“ã® $MAX ãƒˆãƒ¼ã‚¯ãƒ³ãŒæœŸå¾…ã§ãã¾ã™ã€‚

2âƒ£é¦™æ¸¯ã§è¡Œã‚ã‚Œã‚‹ã‚¢ã‚¸ã‚¢ãƒãƒ£ãƒ³ãƒ”ã‚ªãƒ³ã‚·ãƒƒãƒ—â€¦ https://t.co/0L7Ma1VwDB",2024-03-19,09:06:13,,,,,,
1496850875377393669,1770013897766146357,"ä»Šã€ŒMatr1xã€ãŒç†±ã„...ï¼ï¼ï¼

3/18(æœˆ)ã«BBã¨ã®ã‚³ãƒŸãƒ¥ãƒ‹ãƒ†ã‚£å¯¾æ±ºã§ã‚‚å¤§ããç››ã‚Šä¸ŠãŒã£ãŸ@Matr1xOfficial ã®å®Ÿç¸¾ã‚„å…¨ä½“åƒã‚’ã¾ã¨ã‚ã¾ã—ãŸğŸ”¥
ã¾ã ã¾ã å§‹ã¾ã£ãŸã°ã‹ã‚Šã®ã€ŒMatr1xã€ã‚’å­¦ã‚“ã§ã„ãã¾ã—ã‚‡ã†ï¼ï¼ï¼

------------------------------------

ğŸ†Matr1x ãƒ—ãƒ©ãƒƒãƒˆãƒ•ã‚©ãƒ¼ãƒ ã«ã¤ã„ã¦@Matr1x_ioâ€¦ https://t.co/uvAwCpf5Sh https://t.co/dRW8qL3EF6",2024-03-19,09:06:13,46,Business Taxonomy,Categories within Brand Verticals that narrow down the scope of Brands,1557696940178935808,Gaming Business,"Brands, companies, advertisers and every non-person handle with the profit intent related to offline and online games such as gaming consoles, tabletop games, video game publishers"
1496850875377393669,1769752462226030981,"BB vc JGGã®ã‚³ãƒŸãƒ¥ãƒ‹ãƒ†ã‚£å¤§ä¼šç„¡äº‹çµ‚äº†ã—ã¾ã—ãŸï¼
çµæœã¯...JGGãƒãƒ¼ãƒ ãŒè¦‹äº‹å‹åˆ©ã™ã‚‹ã“ã¨ãŒå‡ºæ¥ã¾ã—ãŸï¼ï¼ï¼ğŸ’ª

1å›æˆ¦
BBãƒãƒ¼ãƒ Bå‹åˆ©
2å›æˆ¦
JGGãƒãƒ¼ãƒ Aå‹åˆ©
3å›æˆ¦
JGGãƒãƒ¼ãƒ Aå‹åˆ©

@bb_jpdao 
ç†±ã„æˆ¦ã„ã‚’ã‚ã‚ŠãŒã¨ã†ã”ã–ã„ã¾ã—ãŸğŸ”¥
@wagyuinternat 
å›½ç”£ãŠè‚‰ã®å”è³›ã‚ã‚ŠãŒã¨ã†ã”ã–ã„ã¾ã™ï¼â€¦ https://t.co/Mb9EBcDC9N https://t.co/2YBcatdo6S https://t.co/wEOljEIfUM",2024-03-18,15:47:22,46,Business Taxonomy,Categories within Brand Verticals that narrow down the scope of Brands,1557696940178935808,Gaming Business,"Brands, companies, advertisers and every non-person handle with the profit intent related to offline and online games such as gaming consoles, tabletop games, video game publishers"
1496850875377393669,1769752462226030981,"BB vc JGGã®ã‚³ãƒŸãƒ¥ãƒ‹ãƒ†ã‚£å¤§ä¼šç„¡äº‹çµ‚äº†ã—ã¾ã—ãŸï¼
çµæœã¯...JGGãƒãƒ¼ãƒ ãŒè¦‹äº‹å‹åˆ©ã™ã‚‹ã“ã¨ãŒå‡ºæ¥ã¾ã—ãŸï¼ï¼ï¼ğŸ’ª

1å›æˆ¦
BBãƒãƒ¼ãƒ Bå‹åˆ©
2å›æˆ¦
JGGãƒãƒ¼ãƒ Aå‹åˆ©
3å›æˆ¦
JGGãƒãƒ¼ãƒ Aå‹åˆ©

@bb_jpdao 
ç†±ã„æˆ¦ã„ã‚’ã‚ã‚ŠãŒã¨ã†ã”ã–ã„ã¾ã—ãŸğŸ”¥
@wagyuinternat 
å›½ç”£ãŠè‚‰ã®å”è³›ã‚ã‚ŠãŒã¨ã†ã”ã–ã„ã¾ã™ï¼â€¦ https://t.co/Mb9EBcDC9N https://t.co/2YBcatdo6S https://t.co/wEOljEIfUM",2024-03-18,15:47:22,47,Brand,Brands and Companies,1168499224297656321,Discord,
1496850875377393669,1769752462226030981,"BB vc JGGã®ã‚³ãƒŸãƒ¥ãƒ‹ãƒ†ã‚£å¤§ä¼šç„¡äº‹çµ‚äº†ã—ã¾ã—ãŸï¼
çµæœã¯...JGGãƒãƒ¼ãƒ ãŒè¦‹äº‹å‹åˆ©ã™ã‚‹ã“ã¨ãŒå‡ºæ¥ã¾ã—ãŸï¼ï¼ï¼ğŸ’ª

1å›æˆ¦
BBãƒãƒ¼ãƒ Bå‹åˆ©
2å›æˆ¦
JGGãƒãƒ¼ãƒ Aå‹åˆ©
3å›æˆ¦
JGGãƒãƒ¼ãƒ Aå‹åˆ©

@bb_jpdao 
ç†±ã„æˆ¦ã„ã‚’ã‚ã‚ŠãŒã¨ã†ã”ã–ã„ã¾ã—ãŸğŸ”¥
@wagyuinternat 
å›½ç”£ãŠè‚‰ã®å”è³›ã‚ã‚ŠãŒã¨ã†ã”ã–ã„ã¾ã™ï¼â€¦ https://t.co/Mb9EBcDC9N https://t.co/2YBcatdo6S https://t.co/wEOljEIfUM",2024-03-18,15:47:22,165,Technology,"for individual and types of technology, e.g., food technology, 3D printing",1196446161223028736,Social media,
1496850875377393669,1769579568632074381,"RT @MOLYA_crypto: #MATR1X #Web3Gaming 
å¼ŠJGG vs BBã®Matr1xFireå¤§ä¼šã¯ä»Šæ—¥22æ™‚ã‹ã‚‰â¤ï¸â€ğŸ”¥
å›½å†…å±ˆæŒ‡ã®ã‚¢ã‚¯ãƒ†ã‚£ãƒ–ã‚³ãƒŸãƒ¥ãƒ‹ãƒ†ã‚£åŒå£«ã®æˆ¦ã„ã§ã™ã€‚

å’Œç‰›ãŠã„ã—ã„ã‹ã‚‰ã¿ã‚“ãªé ‘å¼µã£ã¦ğŸ¤¤ @wagyuinternat 
JGGã¯ãƒ¢â€¦",2024-03-18,04:20:21,,,,,,
1496850875377393669,1769398145660973274,"ã‚®ãƒ«ãƒ‰ãƒœã‚¹ã®è¨ä¼ã«æŒ‘æˆ¦ã—ã¾ã—ãŸï¼
ãªã‚“ã¨40/50åãŒå‚åŠ ã—ã¦ãã‚Œã¾ã—ãŸğŸ‰
ç„¡äº‹1ä½“ã¯å€’ã™ã“ã¨ãŒå‡ºæ¥ã¾ã—ãŸãŒã€ã‚ã¨2ä½“ã¯è¨ä¼ã™ã‚‹ã“ã¨ãŒå‡ºæ¥ãš...
æ¬¡ã®ãƒãƒ£ãƒ¬ãƒ³ã‚¸ã§ã¯3ä½“è¨ä¼ã‚’ç›®æŒ‡ã—ã¾ã™ï¼ğŸ”¥

#NightCrows https://t.co/HwBZT69qfM",2024-03-17,16:19:26,46,Business Taxonomy,Categories within Brand Verticals that narrow down the scope of Brands,1557696940178935808,Gaming Business,"Brands, companies, advertisers and every non-person handle with the profit intent related to offline and online games such as gaming consoles, tabletop games, video game publishers"
1496850875377393669,1769196018254626857,"ç¾åœ¨ã‚®ãƒ«ãƒ‰ãƒ©ãƒ³ã‚­ãƒ³ã‚°6ä½ã¾ã§ãã¾ã—ãŸï¼ï¼ï¼
å¸¸ã«å¤šãã®ã‚®ãƒ«ãƒ‰ãƒ¡ãƒ³ãƒãƒ¼ãŒã‚ªãƒ³ãƒ©ã‚¤ãƒ³ã«ãªã£ã¦ãŠã‚Šå‹¢ã„ã‚’æ„Ÿã˜ã¾ã™ğŸ”¥
ä»Šæ—¥ã®å¤œã«ã¯åˆã®ã‚®ãƒ«ãƒ‰ãƒœã‚¹è¨ä¼ã«æŒ‘æˆ¦ã—ã¾ã™ï¼éå¸¸ã«æ¥½ã—ã¿ã§ã™ğŸ’ª

#NightCrows https://t.co/dwu6ChYLEs",2024-03-17,02:56:15,46,Business Taxonomy,Categories within Brand Verticals that narrow down the scope of Brands,1557696940178935808,Gaming Business,"Brands, companies, advertisers and every non-person handle with the profit intent related to offline and online games such as gaming consoles, tabletop games, video game publishers"
1496850875377393669,1768643007837094222,"BB vs JGG Matr1x Fire ã‚³ãƒŸãƒ¥ãƒ‹ãƒ†ã‚£å¯¾æŠ—æˆ¦é–‹å‚¬æ±ºå®šï¼ï¼ï¼ğŸ”¥

3/18(æœˆ) 22æ™‚ã‹ã‚‰BBã¨Matr1x Fireã®ã‚³ãƒŸãƒ¥ãƒ‹ãƒ†ã‚£å¯¾æŠ—æˆ¦ã‚’è¡Œã„ã¾ã™ï¼
BBã®Discordã«ã¦å¤§ä¼šã®é…ä¿¡ã‚’è¡Œã„ã¾ã™ã®ã§ã€ãœã²JGGã®ã‚³ãƒŸãƒ¥ãƒ‹ãƒ†ã‚£ãƒ¡ãƒ³ãƒãƒ¼ã®å‹‡å§¿ã‚’è¦‹å±Šã‘ã«ãã¦ãã ã•ã„ï¼ï¼ https://t.co/ChiMTDk6Ku",2024-03-15,14:18:47,47,Brand,Brands and Companies,1168499224297656321,Discord,
1496850875377393669,1768643007837094222,"BB vs JGG Matr1x Fire ã‚³ãƒŸãƒ¥ãƒ‹ãƒ†ã‚£å¯¾æŠ—æˆ¦é–‹å‚¬æ±ºå®šï¼ï¼ï¼ğŸ”¥

3/18(æœˆ) 22æ™‚ã‹ã‚‰BBã¨Matr1x Fireã®ã‚³ãƒŸãƒ¥ãƒ‹ãƒ†ã‚£å¯¾æŠ—æˆ¦ã‚’è¡Œã„ã¾ã™ï¼
BBã®Discordã«ã¦å¤§ä¼šã®é…ä¿¡ã‚’è¡Œã„ã¾ã™ã®ã§ã€ãœã²JGGã®ã‚³ãƒŸãƒ¥ãƒ‹ãƒ†ã‚£ãƒ¡ãƒ³ãƒãƒ¼ã®å‹‡å§¿ã‚’è¦‹å±Šã‘ã«ãã¦ãã ã•ã„ï¼ï¼ https://t.co/ChiMTDk6Ku",2024-03-15,14:18:47,165,Technology,"for individual and types of technology, e.g., food technology, 3D printing",1196446161223028736,Social media,
1496850875377393669,1768260840216764897,"è©±é¡Œã®MMORPGã€Œ@MetaCeneGameã€Î± test3å‚åŠ æ¨©ã‚’40åæ§˜ã«ã‚®ãƒ–ã‚¢ã‚¦ã‚§ã‚¤ğŸ

ğŸ”¥ç·é¡100ä¸‡ãƒ‰ãƒ«ç›¸å½“ã®å ±é…¬(NFT+TMAK)
ğŸ”¥3æœˆä¸‹æ—¬ã«ã‚¹ã‚¿ãƒ¼ãƒˆ
ğŸ”¥Private Aãƒ©ã‚¦ãƒ³ãƒ‰ã§1,000ä¸‡ãƒ‰ãƒ«ã®è³‡é‡‘èª¿é”
ğŸ”¥PC &amp; Mobile ã§ã‚¯ãƒ­ã‚¹ãƒ—ãƒ¬ã‚¤å¯èƒ½

å¿œå‹Ÿæ–¹æ³•
âœ…ãƒ•ã‚©ãƒ­ãƒ¼ @MetaCeneGame 
âœ…ã„ã„ã­&amp;ãƒªãƒã‚¹ãƒˆ
âœ…Discordå‚åŠ â€¦ https://t.co/g0iYHicXfn https://t.co/hzg6JriV4Y",2024-03-14,13:00:11,46,Business Taxonomy,Categories within Brand Verticals that narrow down the scope of Brands,1557696848252391426,Financial Services Business,"Brands, companies, advertisers and every non-person handle with the profit intent related to Banks, Credit cards, Insurance, Investments, Stocks "
1496850875377393669,1768260840216764897,"è©±é¡Œã®MMORPGã€Œ@MetaCeneGameã€Î± test3å‚åŠ æ¨©ã‚’40åæ§˜ã«ã‚®ãƒ–ã‚¢ã‚¦ã‚§ã‚¤ğŸ

ğŸ”¥ç·é¡100ä¸‡ãƒ‰ãƒ«ç›¸å½“ã®å ±é…¬(NFT+TMAK)
ğŸ”¥3æœˆä¸‹æ—¬ã«ã‚¹ã‚¿ãƒ¼ãƒˆ
ğŸ”¥Private Aãƒ©ã‚¦ãƒ³ãƒ‰ã§1,000ä¸‡ãƒ‰ãƒ«ã®è³‡é‡‘èª¿é”
ğŸ”¥PC &amp; Mobile ã§ã‚¯ãƒ­ã‚¹ãƒ—ãƒ¬ã‚¤å¯èƒ½

å¿œå‹Ÿæ–¹æ³•
âœ…ãƒ•ã‚©ãƒ­ãƒ¼ @MetaCeneGame 
âœ…ã„ã„ã­&amp;ãƒªãƒã‚¹ãƒˆ
âœ…Discordå‚åŠ â€¦ https://t.co/g0iYHicXfn https://t.co/hzg6JriV4Y",2024-03-14,13:00:11,46,Business Taxonomy,Categories within Brand Verticals that narrow down the scope of Brands,1557696940178935808,Gaming Business,"Brands, companies, advertisers and every non-person handle with the profit intent related to offline and online games such as gaming consoles, tabletop games, video game publishers"
1496850875377393669,1768260840216764897,"è©±é¡Œã®MMORPGã€Œ@MetaCeneGameã€Î± test3å‚åŠ æ¨©ã‚’40åæ§˜ã«ã‚®ãƒ–ã‚¢ã‚¦ã‚§ã‚¤ğŸ

ğŸ”¥ç·é¡100ä¸‡ãƒ‰ãƒ«ç›¸å½“ã®å ±é…¬(NFT+TMAK)
ğŸ”¥3æœˆä¸‹æ—¬ã«ã‚¹ã‚¿ãƒ¼ãƒˆ
ğŸ”¥Private Aãƒ©ã‚¦ãƒ³ãƒ‰ã§1,000ä¸‡ãƒ‰ãƒ«ã®è³‡é‡‘èª¿é”
ğŸ”¥PC &amp; Mobile ã§ã‚¯ãƒ­ã‚¹ãƒ—ãƒ¬ã‚¤å¯èƒ½

å¿œå‹Ÿæ–¹æ³•
âœ…ãƒ•ã‚©ãƒ­ãƒ¼ @MetaCeneGame 
âœ…ã„ã„ã­&amp;ãƒªãƒã‚¹ãƒˆ
âœ…Discordå‚åŠ â€¦ https://t.co/g0iYHicXfn https://t.co/hzg6JriV4Y",2024-03-14,13:00:11,47,Brand,Brands and Companies,1168499224297656321,Discord,
1496850875377393669,1768260840216764897,"è©±é¡Œã®MMORPGã€Œ@MetaCeneGameã€Î± test3å‚åŠ æ¨©ã‚’40åæ§˜ã«ã‚®ãƒ–ã‚¢ã‚¦ã‚§ã‚¤ğŸ

ğŸ”¥ç·é¡100ä¸‡ãƒ‰ãƒ«ç›¸å½“ã®å ±é…¬(NFT+TMAK)
ğŸ”¥3æœˆä¸‹æ—¬ã«ã‚¹ã‚¿ãƒ¼ãƒˆ
ğŸ”¥Private Aãƒ©ã‚¦ãƒ³ãƒ‰ã§1,000ä¸‡ãƒ‰ãƒ«ã®è³‡é‡‘èª¿é”
ğŸ”¥PC &amp; Mobile ã§ã‚¯ãƒ­ã‚¹ãƒ—ãƒ¬ã‚¤å¯èƒ½

å¿œå‹Ÿæ–¹æ³•
âœ…ãƒ•ã‚©ãƒ­ãƒ¼ @MetaCeneGame 
âœ…ã„ã„ã­&amp;ãƒªãƒã‚¹ãƒˆ
âœ…Discordå‚åŠ â€¦ https://t.co/g0iYHicXfn https://t.co/hzg6JriV4Y",2024-03-14,13:00:11,66,Interests and Hobbies Category,"A grouping of interests and hobbies entities, like Novelty Food or Destinations",1369311988040355840,NFTs,Non-fungible tokens
1496850875377393669,1768260840216764897,"è©±é¡Œã®MMORPGã€Œ@MetaCeneGameã€Î± test3å‚åŠ æ¨©ã‚’40åæ§˜ã«ã‚®ãƒ–ã‚¢ã‚¦ã‚§ã‚¤ğŸ

ğŸ”¥ç·é¡100ä¸‡ãƒ‰ãƒ«ç›¸å½“ã®å ±é…¬(NFT+TMAK)
ğŸ”¥3æœˆä¸‹æ—¬ã«ã‚¹ã‚¿ãƒ¼ãƒˆ
ğŸ”¥Private Aãƒ©ã‚¦ãƒ³ãƒ‰ã§1,000ä¸‡ãƒ‰ãƒ«ã®è³‡é‡‘èª¿é”
ğŸ”¥PC &amp; Mobile ã§ã‚¯ãƒ­ã‚¹ãƒ—ãƒ¬ã‚¤å¯èƒ½

å¿œå‹Ÿæ–¹æ³•
âœ…ãƒ•ã‚©ãƒ­ãƒ¼ @MetaCeneGame 
âœ…ã„ã„ã­&amp;ãƒªãƒã‚¹ãƒˆ
âœ…Discordå‚åŠ â€¦ https://t.co/g0iYHicXfn https://t.co/hzg6JriV4Y",2024-03-14,13:00:11,79,Video Game Hardware,Video Game Hardware,1174432578503204864,PC gaming,
1496850875377393669,1768260840216764897,"è©±é¡Œã®MMORPGã€Œ@MetaCeneGameã€Î± test3å‚åŠ æ¨©ã‚’40åæ§˜ã«ã‚®ãƒ–ã‚¢ã‚¦ã‚§ã‚¤ğŸ

ğŸ”¥ç·é¡100ä¸‡ãƒ‰ãƒ«ç›¸å½“ã®å ±é…¬(NFT+TMAK)
ğŸ”¥3æœˆä¸‹æ—¬ã«ã‚¹ã‚¿ãƒ¼ãƒˆ
ğŸ”¥Private Aãƒ©ã‚¦ãƒ³ãƒ‰ã§1,000ä¸‡ãƒ‰ãƒ«ã®è³‡é‡‘èª¿é”
ğŸ”¥PC &amp; Mobile ã§ã‚¯ãƒ­ã‚¹ãƒ—ãƒ¬ã‚¤å¯èƒ½

å¿œå‹Ÿæ–¹æ³•
âœ…ãƒ•ã‚©ãƒ­ãƒ¼ @MetaCeneGame 
âœ…ã„ã„ã­&amp;ãƒªãƒã‚¹ãƒˆ
âœ…Discordå‚åŠ â€¦ https://t.co/g0iYHicXfn https://t.co/hzg6JriV4Y",2024-03-14,13:00:11,165,Technology,"for individual and types of technology, e.g., food technology, 3D printing",1196446161223028736,Social media,
1496850875377393669,1768260840216764897,"è©±é¡Œã®MMORPGã€Œ@MetaCeneGameã€Î± test3å‚åŠ æ¨©ã‚’40åæ§˜ã«ã‚®ãƒ–ã‚¢ã‚¦ã‚§ã‚¤ğŸ

ğŸ”¥ç·é¡100ä¸‡ãƒ‰ãƒ«ç›¸å½“ã®å ±é…¬(NFT+TMAK)
ğŸ”¥3æœˆä¸‹æ—¬ã«ã‚¹ã‚¿ãƒ¼ãƒˆ
ğŸ”¥Private Aãƒ©ã‚¦ãƒ³ãƒ‰ã§1,000ä¸‡ãƒ‰ãƒ«ã®è³‡é‡‘èª¿é”
ğŸ”¥PC &amp; Mobile ã§ã‚¯ãƒ­ã‚¹ãƒ—ãƒ¬ã‚¤å¯èƒ½

å¿œå‹Ÿæ–¹æ³•
âœ…ãƒ•ã‚©ãƒ­ãƒ¼ @MetaCeneGame 
âœ…ã„ã„ã­&amp;ãƒªãƒã‚¹ãƒˆ
âœ…Discordå‚åŠ â€¦ https://t.co/g0iYHicXfn https://t.co/hzg6JriV4Y",2024-03-14,13:00:11,30,Entities [Entity Service],"Entity Service top level domain, every item that is in Entity Service should be in this domain",847527946864607232,Mobile gaming,Mobile gaming
1496850875377393669,1768260840216764897,"è©±é¡Œã®MMORPGã€Œ@MetaCeneGameã€Î± test3å‚åŠ æ¨©ã‚’40åæ§˜ã«ã‚®ãƒ–ã‚¢ã‚¦ã‚§ã‚¤ğŸ

ğŸ”¥ç·é¡100ä¸‡ãƒ‰ãƒ«ç›¸å½“ã®å ±é…¬(NFT+TMAK)
ğŸ”¥3æœˆä¸‹æ—¬ã«ã‚¹ã‚¿ãƒ¼ãƒˆ
ğŸ”¥Private Aãƒ©ã‚¦ãƒ³ãƒ‰ã§1,000ä¸‡ãƒ‰ãƒ«ã®è³‡é‡‘èª¿é”
ğŸ”¥PC &amp; Mobile ã§ã‚¯ãƒ­ã‚¹ãƒ—ãƒ¬ã‚¤å¯èƒ½

å¿œå‹Ÿæ–¹æ³•
âœ…ãƒ•ã‚©ãƒ­ãƒ¼ @MetaCeneGame 
âœ…ã„ã„ã­&amp;ãƒªãƒã‚¹ãƒˆ
âœ…Discordå‚åŠ â€¦ https://t.co/g0iYHicXfn https://t.co/hzg6JriV4Y",2024-03-14,13:00:11,79,Video Game Hardware,Video Game Hardware,847527946864607232,Mobile gaming,Mobile gaming
1496850875377393669,1767936443962605849,"RT @lastmemories_g: ã‚²ãƒ¼ãƒ ã‚®ãƒ«ãƒ‰JGGã•ã‚“ãŒã€Œè³ªå•æ•°234å€‹ã®æ¿€ã‚¢ãƒ„AMAï¼ˆè³ªå•ä¼šï¼‰ã€ã‚’è¨˜äº‹ã«ã—ã¦ãã ã•ã„ã¾ã—ãŸï¼

ãƒ©ã‚¹ãƒ¡ãƒ¢ã«ã¤ã„ã¦è©³ã—ãçŸ¥ã‚‹ã“ã¨ãŒã§ãã¾ã™ï¼å‹•ç”»ã¨ä½µã›ã¦ã€ãœã²ã”è¦§ãã ã•ã„â¤ï¸

ï¼ˆã—ã‹ã—ã€é…ä¿¡ã®çµ‚äº†ç›´å¾Œã«ã€ã“ã®ç‰©é‡ã®ãƒ†ã‚­ã‚¹ãƒˆã‚’è¨˜äº‹åŒ–ã™ã‚‹ã®â€¦",2024-03-13,15:31:09,46,Business Taxonomy,Categories within Brand Verticals that narrow down the scope of Brands,1557696940178935808,Gaming Business,"Brands, companies, advertisers and every non-person handle with the profit intent related to offline and online games such as gaming consoles, tabletop games, video game publishers"
1496850875377393669,1767932013875736840,"ã€3/13AMAã€‘ãƒ‡ã‚£ãƒ©ã‚¤ã‚ºãƒ©ã‚¹ãƒˆãƒ¡ãƒ¢ãƒªãƒ¼ã‚ºï¼ˆDe:Lithe Last Memoriesï¼‰ã®éŸ³å£°AMAã‚’ä¸€æŒ™æŒ¯ã‚Šè¿”ã‚Šï¼
https://t.co/Rnlg1YZgZL

AMAæ™‚é–“ã€é©šç•°ã®1æ™‚é–“50åˆ†è¶…ã€è³ªå•ç·æ•°234å€‹ï¼ï¼ãƒ©ã‚¹ãƒ¡ãƒ¢ã®çš†ã•ã‚“ã‚‚JGGã®çš†ã•ã‚“ã‚‚ãŠç–²ã‚Œã•ã¾ã§ã—ãŸãƒ¼ï¼ï¼â€¦ https://t.co/EdvoAnKIeZ https://t.co/ezbkwCm7DE",2024-03-13,15:13:33,46,Business Taxonomy,Categories within Brand Verticals that narrow down the scope of Brands,1557696848252391426,Financial Services Business,"Brands, companies, advertisers and every non-person handle with the profit intent related to Banks, Credit cards, Insurance, Investments, Stocks "
1496850875377393669,1767932013875736840,"ã€3/13AMAã€‘ãƒ‡ã‚£ãƒ©ã‚¤ã‚ºãƒ©ã‚¹ãƒˆãƒ¡ãƒ¢ãƒªãƒ¼ã‚ºï¼ˆDe:Lithe Last Memoriesï¼‰ã®éŸ³å£°AMAã‚’ä¸€æŒ™æŒ¯ã‚Šè¿”ã‚Šï¼
https://t.co/Rnlg1YZgZL

AMAæ™‚é–“ã€é©šç•°ã®1æ™‚é–“50åˆ†è¶…ã€è³ªå•ç·æ•°234å€‹ï¼ï¼ãƒ©ã‚¹ãƒ¡ãƒ¢ã®çš†ã•ã‚“ã‚‚JGGã®çš†ã•ã‚“ã‚‚ãŠç–²ã‚Œã•ã¾ã§ã—ãŸãƒ¼ï¼ï¼â€¦ https://t.co/EdvoAnKIeZ https://t.co/ezbkwCm7DE",2024-03-13,15:13:33,46,Business Taxonomy,Categories within Brand Verticals that narrow down the scope of Brands,1557696940178935808,Gaming Business,"Brands, companies, advertisers and every non-person handle with the profit intent related to offline and online games such as gaming consoles, tabletop games, video game publishers"
1496850875377393669,1767932013875736840,"ã€3/13AMAã€‘ãƒ‡ã‚£ãƒ©ã‚¤ã‚ºãƒ©ã‚¹ãƒˆãƒ¡ãƒ¢ãƒªãƒ¼ã‚ºï¼ˆDe:Lithe Last Memoriesï¼‰ã®éŸ³å£°AMAã‚’ä¸€æŒ™æŒ¯ã‚Šè¿”ã‚Šï¼
https://t.co/Rnlg1YZgZL

AMAæ™‚é–“ã€é©šç•°ã®1æ™‚é–“50åˆ†è¶…ã€è³ªå•ç·æ•°234å€‹ï¼ï¼ãƒ©ã‚¹ãƒ¡ãƒ¢ã®çš†ã•ã‚“ã‚‚JGGã®çš†ã•ã‚“ã‚‚ãŠç–²ã‚Œã•ã¾ã§ã—ãŸãƒ¼ï¼ï¼â€¦ https://t.co/EdvoAnKIeZ https://t.co/ezbkwCm7DE",2024-03-13,15:13:33,47,Brand,Brands and Companies,1168499224297656321,Discord,
1496850875377393669,1767932013875736840,"ã€3/13AMAã€‘ãƒ‡ã‚£ãƒ©ã‚¤ã‚ºãƒ©ã‚¹ãƒˆãƒ¡ãƒ¢ãƒªãƒ¼ã‚ºï¼ˆDe:Lithe Last Memoriesï¼‰ã®éŸ³å£°AMAã‚’ä¸€æŒ™æŒ¯ã‚Šè¿”ã‚Šï¼
https://t.co/Rnlg1YZgZL

AMAæ™‚é–“ã€é©šç•°ã®1æ™‚é–“50åˆ†è¶…ã€è³ªå•ç·æ•°234å€‹ï¼ï¼ãƒ©ã‚¹ãƒ¡ãƒ¢ã®çš†ã•ã‚“ã‚‚JGGã®çš†ã•ã‚“ã‚‚ãŠç–²ã‚Œã•ã¾ã§ã—ãŸãƒ¼ï¼ï¼â€¦ https://t.co/EdvoAnKIeZ https://t.co/ezbkwCm7DE",2024-03-13,15:13:33,66,Interests and Hobbies Category,"A grouping of interests and hobbies entities, like Novelty Food or Destinations",913142676819648512,Cryptocurrencies,Cryptocurrency
1496850875377393669,1767932013875736840,"ã€3/13AMAã€‘ãƒ‡ã‚£ãƒ©ã‚¤ã‚ºãƒ©ã‚¹ãƒˆãƒ¡ãƒ¢ãƒªãƒ¼ã‚ºï¼ˆDe:Lithe Last Memoriesï¼‰ã®éŸ³å£°AMAã‚’ä¸€æŒ™æŒ¯ã‚Šè¿”ã‚Šï¼
https://t.co/Rnlg1YZgZL

AMAæ™‚é–“ã€é©šç•°ã®1æ™‚é–“50åˆ†è¶…ã€è³ªå•ç·æ•°234å€‹ï¼ï¼ãƒ©ã‚¹ãƒ¡ãƒ¢ã®çš†ã•ã‚“ã‚‚JGGã®çš†ã•ã‚“ã‚‚ãŠç–²ã‚Œã•ã¾ã§ã—ãŸãƒ¼ï¼ï¼â€¦ https://t.co/EdvoAnKIeZ https://t.co/ezbkwCm7DE",2024-03-13,15:13:33,165,Technology,"for individual and types of technology, e.g., food technology, 3D printing",1196446161223028736,Social media,
1496850875377393669,1767931484491645223,"RT @lastmemories_g: æœ¬æ—¥ã®AMAã¯Xä¸Šã§ã‚‚Youtubeã§ã‚‚ã”è¦§ã„ãŸã ãã“ã¨ãŒã§ãã¾ã™ã®ã§ã€ãŠå¥½ããªãƒ—ãƒ©ãƒƒãƒˆãƒ•ã‚©ãƒ¼ãƒ ã§ã”è¦–è´ãã ã•ã„ï¼ğŸ˜†

ã€AMA @ JGGã€‘ãƒ‡ã‚£ãƒ©ã‚¤ã‚º ãƒ©ã‚¹ãƒˆãƒ¡ãƒ¢ãƒªãƒ¼ã‚º -De:Lithe Last Memories-
#ãƒ©ã‚¹ãƒ¡ãƒ¢
#Aâ€¦",2024-03-13,15:11:27,165,Technology,"for individual and types of technology, e.g., food technology, 3D printing",1196446161223028736,Social media,
1496850875377393669,1767931484491645223,"RT @lastmemories_g: æœ¬æ—¥ã®AMAã¯Xä¸Šã§ã‚‚Youtubeã§ã‚‚ã”è¦§ã„ãŸã ãã“ã¨ãŒã§ãã¾ã™ã®ã§ã€ãŠå¥½ããªãƒ—ãƒ©ãƒƒãƒˆãƒ•ã‚©ãƒ¼ãƒ ã§ã”è¦–è´ãã ã•ã„ï¼ğŸ˜†

ã€AMA @ JGGã€‘ãƒ‡ã‚£ãƒ©ã‚¤ã‚º ãƒ©ã‚¹ãƒˆãƒ¡ãƒ¢ãƒªãƒ¼ã‚º -De:Lithe Last Memories-
#ãƒ©ã‚¹ãƒ¡ãƒ¢
#Aâ€¦",2024-03-13,15:11:27,30,Entities [Entity Service],"Entity Service top level domain, every item that is in Entity Service should be in this domain",781974596752842752,Services,
1496850875377393669,1767931484491645223,"RT @lastmemories_g: æœ¬æ—¥ã®AMAã¯Xä¸Šã§ã‚‚Youtubeã§ã‚‚ã”è¦§ã„ãŸã ãã“ã¨ãŒã§ãã¾ã™ã®ã§ã€ãŠå¥½ããªãƒ—ãƒ©ãƒƒãƒˆãƒ•ã‚©ãƒ¼ãƒ ã§ã”è¦–è´ãã ã•ã„ï¼ğŸ˜†

ã€AMA @ JGGã€‘ãƒ‡ã‚£ãƒ©ã‚¤ã‚º ãƒ©ã‚¹ãƒˆãƒ¡ãƒ¢ãƒªãƒ¼ã‚º -De:Lithe Last Memories-
#ãƒ©ã‚¹ãƒ¡ãƒ¢
#Aâ€¦",2024-03-13,15:11:27,47,Brand,Brands and Companies,10029382357,YouTube,
1496850875377393669,1767890195700208120,"RT @MOLYA_crypto: #Web3Gaming @lastmemories_g 
ï¼
ä»Šå¤œ3/13 22:00ã‹ã‚‰ #ãƒ©ã‚¹ãƒ¡ãƒ¢ AMA
ï¼¼
å…¬å¼ã®ãƒãƒŠãƒ¼ã‹ã¨æ€ã£ãŸã‚‰ã€ã‚ˆãã¿ãŸã‚‰å…¨ç„¶é•ã£ãŸå¼Šç´³å£« @nishiki_007 ä½œã®ãƒ‘âš«ï¸ãƒ„ã‚³ãƒ¬ã‚¯ã‚·ãƒ§ãƒ³ãƒãƒŠãƒ¼ã ã£ãŸğŸ«¶

ç´³å£«â€¦",2024-03-13,12:27:23,46,Business Taxonomy,Categories within Brand Verticals that narrow down the scope of Brands,1557696848252391426,Financial Services Business,"Brands, companies, advertisers and every non-person handle with the profit intent related to Banks, Credit cards, Insurance, Investments, Stocks "
1496850875377393669,1767890195700208120,"RT @MOLYA_crypto: #Web3Gaming @lastmemories_g 
ï¼
ä»Šå¤œ3/13 22:00ã‹ã‚‰ #ãƒ©ã‚¹ãƒ¡ãƒ¢ AMA
ï¼¼
å…¬å¼ã®ãƒãƒŠãƒ¼ã‹ã¨æ€ã£ãŸã‚‰ã€ã‚ˆãã¿ãŸã‚‰å…¨ç„¶é•ã£ãŸå¼Šç´³å£« @nishiki_007 ä½œã®ãƒ‘âš«ï¸ãƒ„ã‚³ãƒ¬ã‚¯ã‚·ãƒ§ãƒ³ãƒãƒŠãƒ¼ã ã£ãŸğŸ«¶

ç´³å£«â€¦",2024-03-13,12:27:23,46,Business Taxonomy,Categories within Brand Verticals that narrow down the scope of Brands,1557696940178935808,Gaming Business,"Brands, companies, advertisers and every non-person handle with the profit intent related to offline and online games such as gaming consoles, tabletop games, video game publishers"
1496850875377393669,1767890195700208120,"RT @MOLYA_crypto: #Web3Gaming @lastmemories_g 
ï¼
ä»Šå¤œ3/13 22:00ã‹ã‚‰ #ãƒ©ã‚¹ãƒ¡ãƒ¢ AMA
ï¼¼
å…¬å¼ã®ãƒãƒŠãƒ¼ã‹ã¨æ€ã£ãŸã‚‰ã€ã‚ˆãã¿ãŸã‚‰å…¨ç„¶é•ã£ãŸå¼Šç´³å£« @nishiki_007 ä½œã®ãƒ‘âš«ï¸ãƒ„ã‚³ãƒ¬ã‚¯ã‚·ãƒ§ãƒ³ãƒãƒŠãƒ¼ã ã£ãŸğŸ«¶

ç´³å£«â€¦",2024-03-13,12:27:23,47,Brand,Brands and Companies,1168499224297656321,Discord,
1496850875377393669,1767890195700208120,"RT @MOLYA_crypto: #Web3Gaming @lastmemories_g 
ï¼
ä»Šå¤œ3/13 22:00ã‹ã‚‰ #ãƒ©ã‚¹ãƒ¡ãƒ¢ AMA
ï¼¼
å…¬å¼ã®ãƒãƒŠãƒ¼ã‹ã¨æ€ã£ãŸã‚‰ã€ã‚ˆãã¿ãŸã‚‰å…¨ç„¶é•ã£ãŸå¼Šç´³å£« @nishiki_007 ä½œã®ãƒ‘âš«ï¸ãƒ„ã‚³ãƒ¬ã‚¯ã‚·ãƒ§ãƒ³ãƒãƒŠãƒ¼ã ã£ãŸğŸ«¶

ç´³å£«â€¦",2024-03-13,12:27:23,66,Interests and Hobbies Category,"A grouping of interests and hobbies entities, like Novelty Food or Destinations",913142676819648512,Cryptocurrencies,Cryptocurrency
1496850875377393669,1767890195700208120,"RT @MOLYA_crypto: #Web3Gaming @lastmemories_g 
ï¼
ä»Šå¤œ3/13 22:00ã‹ã‚‰ #ãƒ©ã‚¹ãƒ¡ãƒ¢ AMA
ï¼¼
å…¬å¼ã®ãƒãƒŠãƒ¼ã‹ã¨æ€ã£ãŸã‚‰ã€ã‚ˆãã¿ãŸã‚‰å…¨ç„¶é•ã£ãŸå¼Šç´³å£« @nishiki_007 ä½œã®ãƒ‘âš«ï¸ãƒ„ã‚³ãƒ¬ã‚¯ã‚·ãƒ§ãƒ³ãƒãƒŠãƒ¼ã ã£ãŸğŸ«¶

ç´³å£«â€¦",2024-03-13,12:27:23,165,Technology,"for individual and types of technology, e.g., food technology, 3D printing",1196446161223028736,Social media,
1496850875377393669,1767832544630960575,@kojimarco åˆ†ã‹ã‚Šã¥ã‚‰ãã¦ã™ã¿ã¾ã›ã‚“ï¼æ™‚é–“è¿‘ãã«ãªã£ãŸã‚‰Discordå†…ã®AMAãƒãƒ£ãƒ³ãƒãƒ«é–‹æ”¾ã—ã¾ã™ã®ã§ã€ã‚‚ã†ã™ã“ã—ãŠå¾…ã¡ä¸‹ã•ã„ã¾ã›ï¼,2024-03-13,08:38:18,47,Brand,Brands and Companies,1168499224297656321,Discord,
1496850875377393669,1767832544630960575,@kojimarco åˆ†ã‹ã‚Šã¥ã‚‰ãã¦ã™ã¿ã¾ã›ã‚“ï¼æ™‚é–“è¿‘ãã«ãªã£ãŸã‚‰Discordå†…ã®AMAãƒãƒ£ãƒ³ãƒãƒ«é–‹æ”¾ã—ã¾ã™ã®ã§ã€ã‚‚ã†ã™ã“ã—ãŠå¾…ã¡ä¸‹ã•ã„ã¾ã›ï¼,2024-03-13,08:38:18,165,Technology,"for individual and types of technology, e.g., food technology, 3D printing",1196446161223028736,Social media,
1496850875377393669,1767831553235968396,"ã€ãƒ‡ã‚£ãƒ©ã‚¤ã‚ºAMAã¯æœ¬æ—¥ãŠ°22æ™‚ã§ã™ï¼ã€‘
å°æœ¬ã»ã¼ç„¡ã—ã€é›‘è«‡ã‚ªãƒ¼ã‚±ãƒ¼ã€AMAã®è¡Œæ–¹ã¯ä¸€ä½“ã©ã†ãªã‚‹ã§ã—ã‚‡ã†ã‹ï¼Ÿ

ä¼šå ´ï¼šJGGãƒ‡ã‚£ã‚¹ã‚³ãƒ¼ãƒ‰å†…ï¼ˆæ™‚é–“è¿‘ãã«ãªã‚‹ã¨AMAãƒãƒ£ãƒ³ãƒãƒ«ãŒç¾ã‚Œã¾ã™ï¼ï¼‰
https://t.co/iSsx8AJp42

WL10å€‹ã‚’æŒã£ã¦å¸°ã£ã¦ä¸‹ã•ã„ã­ï¼ #ãƒ©ã‚¹ãƒ¡ãƒ¢ https://t.co/HLbHNVtiwH https://t.co/ezbkwCm7DE",2024-03-13,08:34:21,46,Business Taxonomy,Categories within Brand Verticals that narrow down the scope of Brands,1557696848252391426,Financial Services Business,"Brands, companies, advertisers and every non-person handle with the profit intent related to Banks, Credit cards, Insurance, Investments, Stocks "
1496850875377393669,1767831553235968396,"ã€ãƒ‡ã‚£ãƒ©ã‚¤ã‚ºAMAã¯æœ¬æ—¥ãŠ°22æ™‚ã§ã™ï¼ã€‘
å°æœ¬ã»ã¼ç„¡ã—ã€é›‘è«‡ã‚ªãƒ¼ã‚±ãƒ¼ã€AMAã®è¡Œæ–¹ã¯ä¸€ä½“ã©ã†ãªã‚‹ã§ã—ã‚‡ã†ã‹ï¼Ÿ

ä¼šå ´ï¼šJGGãƒ‡ã‚£ã‚¹ã‚³ãƒ¼ãƒ‰å†…ï¼ˆæ™‚é–“è¿‘ãã«ãªã‚‹ã¨AMAãƒãƒ£ãƒ³ãƒãƒ«ãŒç¾ã‚Œã¾ã™ï¼ï¼‰
https://t.co/iSsx8AJp42

WL10å€‹ã‚’æŒã£ã¦å¸°ã£ã¦ä¸‹ã•ã„ã­ï¼ #ãƒ©ã‚¹ãƒ¡ãƒ¢ https://t.co/HLbHNVtiwH https://t.co/ezbkwCm7DE",2024-03-13,08:34:21,46,Business Taxonomy,Categories within Brand Verticals that narrow down the scope of Brands,1557696940178935808,Gaming Business,"Brands, companies, advertisers and every non-person handle with the profit intent related to offline and online games such as gaming consoles, tabletop games, video game publishers"
1496850875377393669,1767831553235968396,"ã€ãƒ‡ã‚£ãƒ©ã‚¤ã‚ºAMAã¯æœ¬æ—¥ãŠ°22æ™‚ã§ã™ï¼ã€‘
å°æœ¬ã»ã¼ç„¡ã—ã€é›‘è«‡ã‚ªãƒ¼ã‚±ãƒ¼ã€AMAã®è¡Œæ–¹ã¯ä¸€ä½“ã©ã†ãªã‚‹ã§ã—ã‚‡ã†ã‹ï¼Ÿ

ä¼šå ´ï¼šJGGãƒ‡ã‚£ã‚¹ã‚³ãƒ¼ãƒ‰å†…ï¼ˆæ™‚é–“è¿‘ãã«ãªã‚‹ã¨AMAãƒãƒ£ãƒ³ãƒãƒ«ãŒç¾ã‚Œã¾ã™ï¼ï¼‰
https://t.co/iSsx8AJp42

WL10å€‹ã‚’æŒã£ã¦å¸°ã£ã¦ä¸‹ã•ã„ã­ï¼ #ãƒ©ã‚¹ãƒ¡ãƒ¢ https://t.co/HLbHNVtiwH https://t.co/ezbkwCm7DE",2024-03-13,08:34:21,47,Brand,Brands and Companies,1168499224297656321,Discord,
1496850875377393669,1767831553235968396,"ã€ãƒ‡ã‚£ãƒ©ã‚¤ã‚ºAMAã¯æœ¬æ—¥ãŠ°22æ™‚ã§ã™ï¼ã€‘
å°æœ¬ã»ã¼ç„¡ã—ã€é›‘è«‡ã‚ªãƒ¼ã‚±ãƒ¼ã€AMAã®è¡Œæ–¹ã¯ä¸€ä½“ã©ã†ãªã‚‹ã§ã—ã‚‡ã†ã‹ï¼Ÿ

ä¼šå ´ï¼šJGGãƒ‡ã‚£ã‚¹ã‚³ãƒ¼ãƒ‰å†…ï¼ˆæ™‚é–“è¿‘ãã«ãªã‚‹ã¨AMAãƒãƒ£ãƒ³ãƒãƒ«ãŒç¾ã‚Œã¾ã™ï¼ï¼‰
https://t.co/iSsx8AJp42

WL10å€‹ã‚’æŒã£ã¦å¸°ã£ã¦ä¸‹ã•ã„ã­ï¼ #ãƒ©ã‚¹ãƒ¡ãƒ¢ https://t.co/HLbHNVtiwH https://t.co/ezbkwCm7DE",2024-03-13,08:34:21,66,Interests and Hobbies Category,"A grouping of interests and hobbies entities, like Novelty Food or Destinations",913142676819648512,Cryptocurrencies,Cryptocurrency
1496850875377393669,1767831553235968396,"ã€ãƒ‡ã‚£ãƒ©ã‚¤ã‚ºAMAã¯æœ¬æ—¥ãŠ°22æ™‚ã§ã™ï¼ã€‘
å°æœ¬ã»ã¼ç„¡ã—ã€é›‘è«‡ã‚ªãƒ¼ã‚±ãƒ¼ã€AMAã®è¡Œæ–¹ã¯ä¸€ä½“ã©ã†ãªã‚‹ã§ã—ã‚‡ã†ã‹ï¼Ÿ

ä¼šå ´ï¼šJGGãƒ‡ã‚£ã‚¹ã‚³ãƒ¼ãƒ‰å†…ï¼ˆæ™‚é–“è¿‘ãã«ãªã‚‹ã¨AMAãƒãƒ£ãƒ³ãƒãƒ«ãŒç¾ã‚Œã¾ã™ï¼ï¼‰
https://t.co/iSsx8AJp42

WL10å€‹ã‚’æŒã£ã¦å¸°ã£ã¦ä¸‹ã•ã„ã­ï¼ #ãƒ©ã‚¹ãƒ¡ãƒ¢ https://t.co/HLbHNVtiwH https://t.co/ezbkwCm7DE",2024-03-13,08:34:21,165,Technology,"for individual and types of technology, e.g., food technology, 3D printing",1196446161223028736,Social media,
1496850875377393669,1767829957739520330,"RT @JGG_Community: ã€De:Lithe Last Memories AMAé–‹å‚¬æ±ºå®šã€‘ğŸ“£ğŸ‰

çš†ã•ã‚“ï¼JGGã§ã‚‚ã‚„ã‚Šã¾ã™ï¼
å…ˆæ—¥ã®ã‚³ã‚¤ãƒ³ãƒã‚§ãƒƒã‚¯INOã§ã¯å³å®Œå£²ã®æœŸå¾…ã‚²ãƒ¼ãƒ ï¼ğŸ’¥

JGGãªã‚‰ã§ã¯ã®è¦–ç‚¹ã‹ã‚‰ãŸãã•ã‚“èã„ã¦ã„ãã‚¾ğŸ”¥

âœ…æ—¥æ™‚
3/13 22:00ã€œâ€¦",2024-03-13,08:28:01,46,Business Taxonomy,Categories within Brand Verticals that narrow down the scope of Brands,1557696848252391426,Financial Services Business,"Brands, companies, advertisers and every non-person handle with the profit intent related to Banks, Credit cards, Insurance, Investments, Stocks "
1496850875377393669,1767829957739520330,"RT @JGG_Community: ã€De:Lithe Last Memories AMAé–‹å‚¬æ±ºå®šã€‘ğŸ“£ğŸ‰

çš†ã•ã‚“ï¼JGGã§ã‚‚ã‚„ã‚Šã¾ã™ï¼
å…ˆæ—¥ã®ã‚³ã‚¤ãƒ³ãƒã‚§ãƒƒã‚¯INOã§ã¯å³å®Œå£²ã®æœŸå¾…ã‚²ãƒ¼ãƒ ï¼ğŸ’¥

JGGãªã‚‰ã§ã¯ã®è¦–ç‚¹ã‹ã‚‰ãŸãã•ã‚“èã„ã¦ã„ãã‚¾ğŸ”¥

âœ…æ—¥æ™‚
3/13 22:00ã€œâ€¦",2024-03-13,08:28:01,46,Business Taxonomy,Categories within Brand Verticals that narrow down the scope of Brands,1557696940178935808,Gaming Business,"Brands, companies, advertisers and every non-person handle with the profit intent related to offline and online games such as gaming consoles, tabletop games, video game publishers"
1496850875377393669,1767829957739520330,"RT @JGG_Community: ã€De:Lithe Last Memories AMAé–‹å‚¬æ±ºå®šã€‘ğŸ“£ğŸ‰

çš†ã•ã‚“ï¼JGGã§ã‚‚ã‚„ã‚Šã¾ã™ï¼
å…ˆæ—¥ã®ã‚³ã‚¤ãƒ³ãƒã‚§ãƒƒã‚¯INOã§ã¯å³å®Œå£²ã®æœŸå¾…ã‚²ãƒ¼ãƒ ï¼ğŸ’¥

JGGãªã‚‰ã§ã¯ã®è¦–ç‚¹ã‹ã‚‰ãŸãã•ã‚“èã„ã¦ã„ãã‚¾ğŸ”¥

âœ…æ—¥æ™‚
3/13 22:00ã€œâ€¦",2024-03-13,08:28:01,66,Interests and Hobbies Category,"A grouping of interests and hobbies entities, like Novelty Food or Destinations",913142676819648512,Cryptocurrencies,Cryptocurrency
1496850875377393669,1767436111432057307,"æœŸå¾…ã®MMORPG Night Crows

ã€ŒJGGã€ã‚®ãƒ«ãƒ‰ã‚’ç«‹ã¡ä¸Šã’ã¾ã—ãŸï¼

ã‚µãƒ¼ãƒãƒ¼
EAST 102 Night

èˆˆå‘³ã‚ã‚‹æ–¹ã¯ãœã²ãŠè¶Šã—ãã ã•ã„ï¼

https://t.co/Ziax6yZ5LC

#NightCrows https://t.co/jme5w0xJsd",2024-03-12,06:23:00,46,Business Taxonomy,Categories within Brand Verticals that narrow down the scope of Brands,1557696940178935808,Gaming Business,"Brands, companies, advertisers and every non-person handle with the profit intent related to offline and online games such as gaming consoles, tabletop games, video game publishers"
1496850875377393669,1767172667592061117,"NIGHTCROWSã«èˆˆå‘³ãŒã‚ã‚‹æ–¹ã¯ã€JGGã§ä¸€ç·’ã«éŠã³ã¾ã—ã‚‡ã†ğŸµ

JGG Discordã®GAME FORUMSå†…ã«å°‚ç”¨ã®ãƒãƒ£ãƒ³ãƒãƒ«ãŒã‚ã‚‹ã®ã§ã€ãœã²éŠã³ã«ãã¦ãã ã•ã„ğŸ”¥

#NIGHTCROWS ï¼ƒMMO https://t.co/XRYEjPaMcy",2024-03-11,12:56:11,46,Business Taxonomy,Categories within Brand Verticals that narrow down the scope of Brands,1557696940178935808,Gaming Business,"Brands, companies, advertisers and every non-person handle with the profit intent related to offline and online games such as gaming consoles, tabletop games, video game publishers"
1496850875377393669,1767172667592061117,"NIGHTCROWSã«èˆˆå‘³ãŒã‚ã‚‹æ–¹ã¯ã€JGGã§ä¸€ç·’ã«éŠã³ã¾ã—ã‚‡ã†ğŸµ

JGG Discordã®GAME FORUMSå†…ã«å°‚ç”¨ã®ãƒãƒ£ãƒ³ãƒãƒ«ãŒã‚ã‚‹ã®ã§ã€ãœã²éŠã³ã«ãã¦ãã ã•ã„ğŸ”¥

#NIGHTCROWS ï¼ƒMMO https://t.co/XRYEjPaMcy",2024-03-11,12:56:11,47,Brand,Brands and Companies,1168499224297656321,Discord,
1496850875377393669,1767172667592061117,"NIGHTCROWSã«èˆˆå‘³ãŒã‚ã‚‹æ–¹ã¯ã€JGGã§ä¸€ç·’ã«éŠã³ã¾ã—ã‚‡ã†ğŸµ

JGG Discordã®GAME FORUMSå†…ã«å°‚ç”¨ã®ãƒãƒ£ãƒ³ãƒãƒ«ãŒã‚ã‚‹ã®ã§ã€ãœã²éŠã³ã«ãã¦ãã ã•ã„ğŸ”¥

#NIGHTCROWS ï¼ƒMMO https://t.co/XRYEjPaMcy",2024-03-11,12:56:11,79,Video Game Hardware,Video Game Hardware,1174432578503204864,PC gaming,
1496850875377393669,1767172667592061117,"NIGHTCROWSã«èˆˆå‘³ãŒã‚ã‚‹æ–¹ã¯ã€JGGã§ä¸€ç·’ã«éŠã³ã¾ã—ã‚‡ã†ğŸµ

JGG Discordã®GAME FORUMSå†…ã«å°‚ç”¨ã®ãƒãƒ£ãƒ³ãƒãƒ«ãŒã‚ã‚‹ã®ã§ã€ãœã²éŠã³ã«ãã¦ãã ã•ã„ğŸ”¥

#NIGHTCROWS ï¼ƒMMO https://t.co/XRYEjPaMcy",2024-03-11,12:56:11,165,Technology,"for individual and types of technology, e.g., food technology, 3D printing",1196446161223028736,Social media,
1496850875377393669,1766750083134144730,"RT @MOLYA_crypto: #TEAMZ #Web3Gaming @teamz_inc 
ï¼
å¼ŠJGGã€ä»Šå¹´ã‚‚TEAMZæ§˜ãƒ‘ãƒ¼ãƒˆãƒŠãƒ¼ã¨ã—ã¦å‚åŠ 
ï¼¼

TEAMZ WEB3 / AI SUMMIT 2024
ğŸ“…2024/04/13ã€œ14
ğŸ“è™ãƒé–€ãƒ’ãƒ«ã‚ºãƒ•ã‚©ãƒ¼ãƒ©ãƒ 

æ˜¨å¹´ã¯â€¦",2024-03-10,08:56:59,46,Business Taxonomy,Categories within Brand Verticals that narrow down the scope of Brands,1557697333571112960,Technology Business,"Brands, companies, advertisers and every non-person handle with the profit intent related to softwares, apps, communication equipments, hardwares"
1496850875377393669,1766477868727709741,"ãŸãã•ã‚“ã®å‚åŠ ãŠå¾…ã¡ã—ã¦ã¾ã™ğŸµ

@lastmemories_g 
#lastmemories",2024-03-09,14:55:18,,,,,,
1496850875377393669,1766477867301614053,"ã€De:Lithe Last Memoriesã¨ã¯ã€‘

âœ…ç‹¬è‡ªã®é­…åŠ›çš„ãªã‚¹ãƒˆãƒ¼ãƒªãƒ¼ã§ãƒ—ãƒ¬ã‚¤ã—ã¦æ¥½ã—ã„ã‚³ãƒ³ãƒ†ãƒ³ãƒ„ã‚’æ­è¼‰

âœ…é«˜å“è³ªãªã‚°ãƒ©ãƒ•ã‚£ãƒƒã‚¯ã‚¹ã§åœ§å€’çš„ãªã‚²ãƒ¼ãƒ ãƒ—ãƒ¬ã‚¤ã‚’å®Ÿç¾

âœ…ç‹¬è‡ªã®ãƒãƒˆãƒ«ã‚·ã‚¹ãƒ†ãƒ ã§æˆ¦ç•¥çš„ãªãƒ—ãƒ¬ã‚¤è¦ç´ 

âœ…å¤šæ§˜ãªã‚­ãƒ£ãƒ©ã‚¯ã‚¿ãƒ¼ãŒæƒã£ã¦ã„ã¦è±ªè¯å£°å„ªäººã‚‚å‚æˆ¦!

âœ…GvGæ­è¼‰ã§ã‚®ãƒ«ãƒ‰ã§ç››ã‚Šä¸ŠãŒã‚ã†ï¼ï¼",2024-03-09,14:55:17,46,Business Taxonomy,Categories within Brand Verticals that narrow down the scope of Brands,1557696940178935808,Gaming Business,"Brands, companies, advertisers and every non-person handle with the profit intent related to offline and online games such as gaming consoles, tabletop games, video game publishers"
1496850875377393669,1766477867301614053,"ã€De:Lithe Last Memoriesã¨ã¯ã€‘

âœ…ç‹¬è‡ªã®é­…åŠ›çš„ãªã‚¹ãƒˆãƒ¼ãƒªãƒ¼ã§ãƒ—ãƒ¬ã‚¤ã—ã¦æ¥½ã—ã„ã‚³ãƒ³ãƒ†ãƒ³ãƒ„ã‚’æ­è¼‰

âœ…é«˜å“è³ªãªã‚°ãƒ©ãƒ•ã‚£ãƒƒã‚¯ã‚¹ã§åœ§å€’çš„ãªã‚²ãƒ¼ãƒ ãƒ—ãƒ¬ã‚¤ã‚’å®Ÿç¾

âœ…ç‹¬è‡ªã®ãƒãƒˆãƒ«ã‚·ã‚¹ãƒ†ãƒ ã§æˆ¦ç•¥çš„ãªãƒ—ãƒ¬ã‚¤è¦ç´ 

âœ…å¤šæ§˜ãªã‚­ãƒ£ãƒ©ã‚¯ã‚¿ãƒ¼ãŒæƒã£ã¦ã„ã¦è±ªè¯å£°å„ªäººã‚‚å‚æˆ¦!

âœ…GvGæ­è¼‰ã§ã‚®ãƒ«ãƒ‰ã§ç››ã‚Šä¸ŠãŒã‚ã†ï¼ï¼",2024-03-09,14:55:17,131,Unified Twitter Taxonomy,A taxonomy of user interests. ,1191379707473715201,Voice actors,
1496850875377393669,1766477864889888781,"ã€De:Lithe Last Memories AMAé–‹å‚¬æ±ºå®šã€‘ğŸ“£ğŸ‰

çš†ã•ã‚“ï¼JGGã§ã‚‚ã‚„ã‚Šã¾ã™ï¼
å…ˆæ—¥ã®ã‚³ã‚¤ãƒ³ãƒã‚§ãƒƒã‚¯INOã§ã¯å³å®Œå£²ã®æœŸå¾…ã‚²ãƒ¼ãƒ ï¼ğŸ’¥

JGGãªã‚‰ã§ã¯ã®è¦–ç‚¹ã‹ã‚‰ãŸãã•ã‚“èã„ã¦ã„ãã‚¾ğŸ”¥

âœ…æ—¥æ™‚
3/13 22:00ã€œâŒ›ï¸

âœ…å ´æ‰€
jGG Discord 

WL10å€‹ã‚‚é…ã£ã¡ã‚ƒã†ã‚ˆğŸ¤¯
RT &amp; ã‚¤ã‚¤ãƒã—ã¦éœ‡ãˆã¦å¾…ã¡ã¾ã—ã‚‡ã† ğŸ˜±

#ãƒ©ã‚¹ãƒ¡ãƒ¢ https://t.co/V2PeNMpgnV",2024-03-09,14:55:17,46,Business Taxonomy,Categories within Brand Verticals that narrow down the scope of Brands,1557696848252391426,Financial Services Business,"Brands, companies, advertisers and every non-person handle with the profit intent related to Banks, Credit cards, Insurance, Investments, Stocks "
1496850875377393669,1766477864889888781,"ã€De:Lithe Last Memories AMAé–‹å‚¬æ±ºå®šã€‘ğŸ“£ğŸ‰

çš†ã•ã‚“ï¼JGGã§ã‚‚ã‚„ã‚Šã¾ã™ï¼
å…ˆæ—¥ã®ã‚³ã‚¤ãƒ³ãƒã‚§ãƒƒã‚¯INOã§ã¯å³å®Œå£²ã®æœŸå¾…ã‚²ãƒ¼ãƒ ï¼ğŸ’¥

JGGãªã‚‰ã§ã¯ã®è¦–ç‚¹ã‹ã‚‰ãŸãã•ã‚“èã„ã¦ã„ãã‚¾ğŸ”¥

âœ…æ—¥æ™‚
3/13 22:00ã€œâŒ›ï¸

âœ…å ´æ‰€
jGG Discord 

WL10å€‹ã‚‚é…ã£ã¡ã‚ƒã†ã‚ˆğŸ¤¯
RT &amp; ã‚¤ã‚¤ãƒã—ã¦éœ‡ãˆã¦å¾…ã¡ã¾ã—ã‚‡ã† ğŸ˜±

#ãƒ©ã‚¹ãƒ¡ãƒ¢ https://t.co/V2PeNMpgnV",2024-03-09,14:55:17,46,Business Taxonomy,Categories within Brand Verticals that narrow down the scope of Brands,1557696940178935808,Gaming Business,"Brands, companies, advertisers and every non-person handle with the profit intent related to offline and online games such as gaming consoles, tabletop games, video game publishers"
1496850875377393669,1766477864889888781,"ã€De:Lithe Last Memories AMAé–‹å‚¬æ±ºå®šã€‘ğŸ“£ğŸ‰

çš†ã•ã‚“ï¼JGGã§ã‚‚ã‚„ã‚Šã¾ã™ï¼
å…ˆæ—¥ã®ã‚³ã‚¤ãƒ³ãƒã‚§ãƒƒã‚¯INOã§ã¯å³å®Œå£²ã®æœŸå¾…ã‚²ãƒ¼ãƒ ï¼ğŸ’¥

JGGãªã‚‰ã§ã¯ã®è¦–ç‚¹ã‹ã‚‰ãŸãã•ã‚“èã„ã¦ã„ãã‚¾ğŸ”¥

âœ…æ—¥æ™‚
3/13 22:00ã€œâŒ›ï¸

âœ…å ´æ‰€
jGG Discord 

WL10å€‹ã‚‚é…ã£ã¡ã‚ƒã†ã‚ˆğŸ¤¯
RT &amp; ã‚¤ã‚¤ãƒã—ã¦éœ‡ãˆã¦å¾…ã¡ã¾ã—ã‚‡ã† ğŸ˜±

#ãƒ©ã‚¹ãƒ¡ãƒ¢ https://t.co/V2PeNMpgnV",2024-03-09,14:55:17,47,Brand,Brands and Companies,1168499224297656321,Discord,
1496850875377393669,1766477864889888781,"ã€De:Lithe Last Memories AMAé–‹å‚¬æ±ºå®šã€‘ğŸ“£ğŸ‰

çš†ã•ã‚“ï¼JGGã§ã‚‚ã‚„ã‚Šã¾ã™ï¼
å…ˆæ—¥ã®ã‚³ã‚¤ãƒ³ãƒã‚§ãƒƒã‚¯INOã§ã¯å³å®Œå£²ã®æœŸå¾…ã‚²ãƒ¼ãƒ ï¼ğŸ’¥

JGGãªã‚‰ã§ã¯ã®è¦–ç‚¹ã‹ã‚‰ãŸãã•ã‚“èã„ã¦ã„ãã‚¾ğŸ”¥

âœ…æ—¥æ™‚
3/13 22:00ã€œâŒ›ï¸

âœ…å ´æ‰€
jGG Discord 

WL10å€‹ã‚‚é…ã£ã¡ã‚ƒã†ã‚ˆğŸ¤¯
RT &amp; ã‚¤ã‚¤ãƒã—ã¦éœ‡ãˆã¦å¾…ã¡ã¾ã—ã‚‡ã† ğŸ˜±

#ãƒ©ã‚¹ãƒ¡ãƒ¢ https://t.co/V2PeNMpgnV",2024-03-09,14:55:17,66,Interests and Hobbies Category,"A grouping of interests and hobbies entities, like Novelty Food or Destinations",913142676819648512,Cryptocurrencies,Cryptocurrency
1496850875377393669,1766477864889888781,"ã€De:Lithe Last Memories AMAé–‹å‚¬æ±ºå®šã€‘ğŸ“£ğŸ‰

çš†ã•ã‚“ï¼JGGã§ã‚‚ã‚„ã‚Šã¾ã™ï¼
å…ˆæ—¥ã®ã‚³ã‚¤ãƒ³ãƒã‚§ãƒƒã‚¯INOã§ã¯å³å®Œå£²ã®æœŸå¾…ã‚²ãƒ¼ãƒ ï¼ğŸ’¥

JGGãªã‚‰ã§ã¯ã®è¦–ç‚¹ã‹ã‚‰ãŸãã•ã‚“èã„ã¦ã„ãã‚¾ğŸ”¥

âœ…æ—¥æ™‚
3/13 22:00ã€œâŒ›ï¸

âœ…å ´æ‰€
jGG Discord 

WL10å€‹ã‚‚é…ã£ã¡ã‚ƒã†ã‚ˆğŸ¤¯
RT &amp; ã‚¤ã‚¤ãƒã—ã¦éœ‡ãˆã¦å¾…ã¡ã¾ã—ã‚‡ã† ğŸ˜±

#ãƒ©ã‚¹ãƒ¡ãƒ¢ https://t.co/V2PeNMpgnV",2024-03-09,14:55:17,165,Technology,"for individual and types of technology, e.g., food technology, 3D printing",1196446161223028736,Social media,
1496850875377393669,1766301529563398251,"3/18(æ—¥) 22æ™‚ã‹ã‚‰BBã¨Matr1x Fireã®ã‚³ãƒŸãƒ¥ãƒ‹ãƒ†ã‚£å¯¾æŠ—æˆ¦ã‚’è¡Œã„ã¾ã™ï¼ï¼

JGGä»£è¡¨ã¨ã—ã¦2ãƒãƒ¼ãƒ å‡ºãã†ã¨æ€ã£ã¦ã„ã¾ã™ã®ã§ã€é¸æ‰‹ã¨ã—ã¦å‚åŠ ã„ãŸã ã‘ã‚‹ã‹ãŸã¯ä»¥ä¸‹ã®ãƒ•ã‚©ãƒ¼ãƒ ã®è¨˜å…¥ã‚’ãŠé¡˜ã„ã„ãŸã—ã¾ã™ï¼ï¼

https://t.co/73eEfOlXa5",2024-03-09,03:14:35,,,,,,
1496850875377393669,1763481277544714266,"ä¸€èˆ¬å‚åŠ å‘ã‘10ï¼…OFFãƒã‚±ãƒƒãƒˆã‚³ãƒ¼ãƒ‰ã¯ã“ã¡ã‚‰ï¼šJGG2024

#PR ãƒã‚±ãƒƒãƒˆè³¼å…¥ã“ã¡ã‚‰ã€‚2dayså®šä¾¡15,000å††ã§ã—ãŸï¼ï¼ˆBTC100ä¸‡å††ã®æŠ½é¸åˆ¸ä»˜ãã ãã†ã§ã™ï½—ï¼‰ï¼šhttps://t.co/D0n88BhXs8

2/2 https://t.co/8GPbN86RHU",2024-03-01,08:27:55,46,Business Taxonomy,Categories within Brand Verticals that narrow down the scope of Brands,1557696848252391426,Financial Services Business,"Brands, companies, advertisers and every non-person handle with the profit intent related to Banks, Credit cards, Insurance, Investments, Stocks "
1496850875377393669,1763481277544714266,"ä¸€èˆ¬å‚åŠ å‘ã‘10ï¼…OFFãƒã‚±ãƒƒãƒˆã‚³ãƒ¼ãƒ‰ã¯ã“ã¡ã‚‰ï¼šJGG2024

#PR ãƒã‚±ãƒƒãƒˆè³¼å…¥ã“ã¡ã‚‰ã€‚2dayså®šä¾¡15,000å††ã§ã—ãŸï¼ï¼ˆBTC100ä¸‡å††ã®æŠ½é¸åˆ¸ä»˜ãã ãã†ã§ã™ï½—ï¼‰ï¼šhttps://t.co/D0n88BhXs8

2/2 https://t.co/8GPbN86RHU",2024-03-01,08:27:55,30,Entities [Entity Service],"Entity Service top level domain, every item that is in Entity Service should be in this domain",1007360414114435072,Bitcoin cryptocurrency,Bitcoin Cryptocurrency
1496850875377393669,1763481277544714266,"ä¸€èˆ¬å‚åŠ å‘ã‘10ï¼…OFFãƒã‚±ãƒƒãƒˆã‚³ãƒ¼ãƒ‰ã¯ã“ã¡ã‚‰ï¼šJGG2024

#PR ãƒã‚±ãƒƒãƒˆè³¼å…¥ã“ã¡ã‚‰ã€‚2dayså®šä¾¡15,000å††ã§ã—ãŸï¼ï¼ˆBTC100ä¸‡å††ã®æŠ½é¸åˆ¸ä»˜ãã ãã†ã§ã™ï½—ï¼‰ï¼šhttps://t.co/D0n88BhXs8

2/2 https://t.co/8GPbN86RHU",2024-03-01,08:27:55,131,Unified Twitter Taxonomy,A taxonomy of user interests. ,1007360414114435072,Bitcoin cryptocurrency,Bitcoin Cryptocurrency
1496850875377393669,1763481277544714266,"ä¸€èˆ¬å‚åŠ å‘ã‘10ï¼…OFFãƒã‚±ãƒƒãƒˆã‚³ãƒ¼ãƒ‰ã¯ã“ã¡ã‚‰ï¼šJGG2024

#PR ãƒã‚±ãƒƒãƒˆè³¼å…¥ã“ã¡ã‚‰ã€‚2dayså®šä¾¡15,000å††ã§ã—ãŸï¼ï¼ˆBTC100ä¸‡å††ã®æŠ½é¸åˆ¸ä»˜ãã ãã†ã§ã™ï½—ï¼‰ï¼šhttps://t.co/D0n88BhXs8

2/2 https://t.co/8GPbN86RHU",2024-03-01,08:27:55,174,Digital Assets & Crypto,For cryptocurrency entities,1007360414114435072,Bitcoin cryptocurrency,Bitcoin Cryptocurrency
1496850875377393669,1763481274185035922,"ã€ä»Šå¹´ã‚‚TEAMZä¸»å‚¬ã®TEAMZ WEB3 / AI SUMMIT 2024ãŒé–‹å‚¬ã•ã‚Œã¾ã™ï¼ã€‘
å»å¹´ã«ç¶šã5å›ç›®ã®é–‹å‚¬ã¨ãªã‚‹ã‚µãƒŸãƒƒãƒˆã§ã¯ã€ ""WEB3 / AI, The Future,â€ã¨ã„ã†ã‚¹ãƒ­ãƒ¼ã‚¬ãƒ³ã§ã€WEB3æ¥­ç•Œã®ç™ºå±•ã¨AIã®æ´»ç”¨ã«ã‚ˆã‚‹æ–°ãŸãªç¤¾ä¼šã«ã¤ã„ã¦è­°è«–ã‚’ã—ã¾ã™ï¼â€¦ https://t.co/MVdjJrOP7A https://t.co/T2chkMVczs",2024-03-01,08:27:54,46,Business Taxonomy,Categories within Brand Verticals that narrow down the scope of Brands,1557697333571112960,Technology Business,"Brands, companies, advertisers and every non-person handle with the profit intent related to softwares, apps, communication equipments, hardwares"
1496850875377393669,1759388327562866898,"RT @u90T46O5ZucyakR: å…¨ãã®ã©ç´ äººã§ã™ãŒçŒ«memeä½œã£ã¦ã¿ã¾ã—ãŸâ€¼ï¸
ç²—ãŒããç›®ç«‹ã¤ã‘ã©è¨±ã—ã¦ğŸ¥º
#GasHero #JGG #BCG #çŒ«meme
https://t.co/XFAbEnNqJA",2024-02-19,01:23:59,,,,,,
1496850875377393669,1755800468738261087,"RT @_MeteorCity_: ï¼        
ğŸ“¢ GAS HEROæ–°è¦å‘ã‘èª¬æ˜ä¼š é–‹å‚¬ï¼       
ï¼¼               

JGG(@JGG_Community )ã§ã‚®ãƒ«ãƒ‰ã‚’ç«‹ã¡ä¸Šã’ã‚‹ã¹ãã€ãŠã‚“ã¡ã‚ƒã‚“(@A86883604 )ãŒæœ€æ–°ã®ã‚¬ã‚¹ãƒ’äº‹æƒ…ã‚’èª¬æ˜ã—â€¦",2024-02-09,03:47:07,,,,,,
1496850875377393669,1755576368858063313,"ã“ã¡ã‚‰é–“ã‚‚ç„¡ãé–‹å§‹ã—ã¾ã™ï¼ï¼
ãœã²ãŠè¶Šã—ãã ã•ã„ï¼ï¼ https://t.co/eh5NLMMbtc",2024-02-08,12:56:38,47,Brand,Brands and Companies,1168499224297656321,Discord,
1496850875377393669,1755576368858063313,"ã“ã¡ã‚‰é–“ã‚‚ç„¡ãé–‹å§‹ã—ã¾ã™ï¼ï¼
ãœã²ãŠè¶Šã—ãã ã•ã„ï¼ï¼ https://t.co/eh5NLMMbtc",2024-02-08,12:56:38,165,Technology,"for individual and types of technology, e.g., food technology, 3D printing",1196446161223028736,Social media,
1496850875377393669,1755400766544814184,"RT @NFTGamerJP: â—¤â—¢â—¤SHRAPNEL AMAï¼ˆè³ªå•ä¼šï¼‰é–‹å‚¬â—¢â—¤â—¢

ï¼ 
ğŸ’°è³é‡‘ç´„1500ä¸‡å††ã®æ—©æœŸã‚¢ã‚¯ã‚»ã‚¹ STX1 ãŒã‚‚ã†ã™ã!!
ğŸ#SHRAPNEL AMA ã«å‚åŠ ã—ã¦EPã‚„ã‚²ãƒ¼ãƒŸãƒ³ã‚°ãƒ‡ãƒã‚¤ã‚¹ç­‰ã®è±ªè¯æ™¯å“ã«å¿œå‹Ÿ!!
ï¼¼

â–¼AMA ã«ã¤ã„ã¦
ğŸ“å ´æ‰€ï¼šhâ€¦",2024-02-08,01:18:51,46,Business Taxonomy,Categories within Brand Verticals that narrow down the scope of Brands,1557696940178935808,Gaming Business,"Brands, companies, advertisers and every non-person handle with the profit intent related to offline and online games such as gaming consoles, tabletop games, video game publishers"
1496850875377393669,1755010463983915318,"ã€GasHero ãŠå‹‰å¼·ä¼šç¬¬äºŒå¼¾å®Ÿæ–½ğŸ¥³ğŸ¥³ã€‘

JGGã‚‚JGGã‚®ãƒ«ãƒ‰ã‚’ç«‹ã¡ä¸Šã’ãŸã„ï¼ï¼ï¼ãã®ä¸€å¿ƒã§

ç¬¬äºŒå›ã¯ç·¨æˆã«ã¤ã„ã¦ãŠè©±ã—ã—ã¾ã™ğŸ˜Š
é©å½“ã«çµ„ã‚€ã¨ç—›ã„ç›®ã¿ã¾ã™ã®ã§æ˜¯éæ˜¯éèã„ã¦ã„ã£ã¦ãã ã•ã„ã­ğŸ¥³

æ—¥æ™‚
2/8 (æœ¨) 22:00ã€œã€€
JGG Discordå†…

å‰å›ã‚ˆã‚Šã‚‚å®Ÿè·µçš„ãªè©±ãŒã§ãã‚‹ã‹ãªã¨æ€ã„ã¾ã™ğŸ¥³

#Gashero",2024-02-06,23:27:55,47,Brand,Brands and Companies,1168499224297656321,Discord,
1496850875377393669,1755010463983915318,"ã€GasHero ãŠå‹‰å¼·ä¼šç¬¬äºŒå¼¾å®Ÿæ–½ğŸ¥³ğŸ¥³ã€‘

JGGã‚‚JGGã‚®ãƒ«ãƒ‰ã‚’ç«‹ã¡ä¸Šã’ãŸã„ï¼ï¼ï¼ãã®ä¸€å¿ƒã§

ç¬¬äºŒå›ã¯ç·¨æˆã«ã¤ã„ã¦ãŠè©±ã—ã—ã¾ã™ğŸ˜Š
é©å½“ã«çµ„ã‚€ã¨ç—›ã„ç›®ã¿ã¾ã™ã®ã§æ˜¯éæ˜¯éèã„ã¦ã„ã£ã¦ãã ã•ã„ã­ğŸ¥³

æ—¥æ™‚
2/8 (æœ¨) 22:00ã€œã€€
JGG Discordå†…

å‰å›ã‚ˆã‚Šã‚‚å®Ÿè·µçš„ãªè©±ãŒã§ãã‚‹ã‹ãªã¨æ€ã„ã¾ã™ğŸ¥³

#Gashero",2024-02-06,23:27:55,165,Technology,"for individual and types of technology, e.g., food technology, 3D printing",1196446161223028736,Social media,
1496850875377393669,1754798593033277650,"JGG X PMGG X DESPERADO B218 ã‚³ãƒ©ãƒœã‚­ãƒ£ãƒ³ãƒšãƒ¼ãƒ³

DESPERADO B218ï¼ˆ@DESPERADOB218ï¼‰ã§é–‹å‚¬ä¸­ã®ãƒ•ãƒªãƒ¼ã‚·ãƒ¼ã‚ºãƒ³ã«ã¦ã‚®ãƒ«ãƒ‰ãƒãƒˆãƒ«âš”ï¸
åå‰ã«ã€ŒJGGã€ã‚’ä»˜ã‘ã¦è³é‡‘ã‚’ã‚²ãƒƒãƒˆã—ã‚ˆã†ï¼

1stã‚®ãƒ«ãƒ‰ï¼šä¸Šä½30åã§960ãƒ‰ãƒ«ã‚’å±±åˆ†ã‘
2ndã‚®ãƒ«ãƒ‰ï¼šä¸Šä½30åã§430ãƒ‰ãƒ«ã‚’å±±åˆ†ã‘

ğŸ‘‘å‹åˆ©æ¡ä»¶â€¦ https://t.co/ebDCciWv6L https://t.co/cRWxyxBAIf",2024-02-06,09:26:01,,,,,,
1496850875377393669,1754127216949030944,"ã“ã¡ã‚‰é–“ã‚‚ç„¡ãé–‹å‚¬ã—ã¾ã™ï¼ï¼
é…ä¿¡ã—ãªãŒã‚‰ã«ãªã‚‹ã®ã§ãƒ‡ã‚£ã‚¹ã‚³ãƒ¼ãƒ‰ã§ã™ï¼
å°‘äººæ•°ã‚‚æ­“è¿ã€€ãŠå¾…ã¡ã—ã¦ã¾ã™! https://t.co/A13mAdSsDY",2024-02-04,12:58:13,46,Business Taxonomy,Categories within Brand Verticals that narrow down the scope of Brands,1557696848252391426,Financial Services Business,"Brands, companies, advertisers and every non-person handle with the profit intent related to Banks, Credit cards, Insurance, Investments, Stocks "
1496850875377393669,1754127216949030944,"ã“ã¡ã‚‰é–“ã‚‚ç„¡ãé–‹å‚¬ã—ã¾ã™ï¼ï¼
é…ä¿¡ã—ãªãŒã‚‰ã«ãªã‚‹ã®ã§ãƒ‡ã‚£ã‚¹ã‚³ãƒ¼ãƒ‰ã§ã™ï¼
å°‘äººæ•°ã‚‚æ­“è¿ã€€ãŠå¾…ã¡ã—ã¦ã¾ã™! https://t.co/A13mAdSsDY",2024-02-04,12:58:13,47,Brand,Brands and Companies,1168499224297656321,Discord,
1496850875377393669,1754127216949030944,"ã“ã¡ã‚‰é–“ã‚‚ç„¡ãé–‹å‚¬ã—ã¾ã™ï¼ï¼
é…ä¿¡ã—ãªãŒã‚‰ã«ãªã‚‹ã®ã§ãƒ‡ã‚£ã‚¹ã‚³ãƒ¼ãƒ‰ã§ã™ï¼
å°‘äººæ•°ã‚‚æ­“è¿ã€€ãŠå¾…ã¡ã—ã¦ã¾ã™! https://t.co/A13mAdSsDY",2024-02-04,12:58:13,165,Technology,"for individual and types of technology, e.g., food technology, 3D printing",1196446161223028736,Social media,
1496850875377393669,1754127216949030944,"ã“ã¡ã‚‰é–“ã‚‚ç„¡ãé–‹å‚¬ã—ã¾ã™ï¼ï¼
é…ä¿¡ã—ãªãŒã‚‰ã«ãªã‚‹ã®ã§ãƒ‡ã‚£ã‚¹ã‚³ãƒ¼ãƒ‰ã§ã™ï¼
å°‘äººæ•°ã‚‚æ­“è¿ã€€ãŠå¾…ã¡ã—ã¦ã¾ã™! https://t.co/A13mAdSsDY",2024-02-04,12:58:13,65,Interests and Hobbies Vertical,"Top level interests and hobbies groupings, like Food or Travel",781974596148793345,Business & finance,
1496850875377393669,1754127216949030944,"ã“ã¡ã‚‰é–“ã‚‚ç„¡ãé–‹å‚¬ã—ã¾ã™ï¼ï¼
é…ä¿¡ã—ãªãŒã‚‰ã«ãªã‚‹ã®ã§ãƒ‡ã‚£ã‚¹ã‚³ãƒ¼ãƒ‰ã§ã™ï¼
å°‘äººæ•°ã‚‚æ­“è¿ã€€ãŠå¾…ã¡ã—ã¦ã¾ã™! https://t.co/A13mAdSsDY",2024-02-04,12:58:13,66,Interests and Hobbies Category,"A grouping of interests and hobbies entities, like Novelty Food or Destinations",857878402157629440,Investors and patents,Investors and patents
1496850875377393669,1754127216949030944,"ã“ã¡ã‚‰é–“ã‚‚ç„¡ãé–‹å‚¬ã—ã¾ã™ï¼ï¼
é…ä¿¡ã—ãªãŒã‚‰ã«ãªã‚‹ã®ã§ãƒ‡ã‚£ã‚¹ã‚³ãƒ¼ãƒ‰ã§ã™ï¼
å°‘äººæ•°ã‚‚æ­“è¿ã€€ãŠå¾…ã¡ã—ã¦ã¾ã™! https://t.co/A13mAdSsDY",2024-02-04,12:58:13,131,Unified Twitter Taxonomy,A taxonomy of user interests. ,781974596148793345,Business & finance,
1496850875377393669,1754094667770290653,"RT @GasHeroOfficial: Japan Gaming Guild ğŸ®

We're so excited, that @JGG_Community is joining the #GasHero Guild of Thrones Program! ğŸ”¥

We caâ€¦",2024-02-04,10:48:52,46,Business Taxonomy,Categories within Brand Verticals that narrow down the scope of Brands,1557696940178935808,Gaming Business,"Brands, companies, advertisers and every non-person handle with the profit intent related to offline and online games such as gaming consoles, tabletop games, video game publishers"
1733053760040218624,1768587540075024599,"RT @jannavi_pro_en: Aki Network x Jannavi Partnership AnnouncementğŸ‰

We are tag teaming to kickstart some exciting campaignsğŸ”¥

Follow @aki_â€¦",2024-03-15,10:38:22,,,,,,
1733053760040218624,1768585913012253048,"RT @jannavi_pro: ã“ã®å¾Œã€20æ™‚ã‚ˆã‚Šï¼
#ã‚¸ãƒ£ãƒ³ãƒŠãƒ“ Ã— #GENSO åº§è«‡ä¼š é–‹å‚¬ï¼ğŸ‰

ğŸ‘‡ã‹ã‚‰ã”å‚åŠ ãã ã•ã„ï¼
https://t.co/8wxqAWGwAw

ä»Šå›ã®åº§è«‡ä¼šã§ã¯ã€
ãƒ» #JNãƒˆãƒ¼ã‚¯ãƒ³ ã¨ã¯ï¼Ÿ
ãƒ»ã‚¸ãƒ£ãƒ³ãƒŠãƒ“ã¨ã¯ï¼Ÿ
ãƒ»eã‚¹ãƒãƒ¼ãƒ„å¯¾å±€ã¨ã¯ï¼Ÿ
ãªã©â€¦",2024-03-15,10:31:55,46,Business Taxonomy,Categories within Brand Verticals that narrow down the scope of Brands,1557696940178935808,Gaming Business,"Brands, companies, advertisers and every non-person handle with the profit intent related to offline and online games such as gaming consoles, tabletop games, video game publishers"
1733053760040218624,1768585878526742549,"RT @jannavi_pro: #ã‚¸ãƒ£ãƒ³ãƒŠãƒ“ Ã— #GENSO åº§è«‡ä¼š é–‹å‚¬ï¼ğŸ‰
ã„ã‚ˆã„ã‚ˆæ˜æ—¥é–‹å‚¬ï¼

è¦–è´è€…ãƒ—ãƒ¬ã‚¼ãƒ³ãƒˆã‚‚æº–å‚™ä¸­ï¼ğŸ
ã‚³ãƒ©ãƒœãƒ‡ã‚¶ã‚¤ãƒ³ã®ã‚¸ãƒ£ãƒ³ãƒŠãƒ“ãƒã‚±ãƒƒãƒˆNFTã‚’æ‰‹ã«å…¥ã‚Œã‚ˆã†ï¼",2024-03-15,10:31:46,46,Business Taxonomy,Categories within Brand Verticals that narrow down the scope of Brands,1557696848252391426,Financial Services Business,"Brands, companies, advertisers and every non-person handle with the profit intent related to Banks, Credit cards, Insurance, Investments, Stocks "
1733053760040218624,1768585878526742549,"RT @jannavi_pro: #ã‚¸ãƒ£ãƒ³ãƒŠãƒ“ Ã— #GENSO åº§è«‡ä¼š é–‹å‚¬ï¼ğŸ‰
ã„ã‚ˆã„ã‚ˆæ˜æ—¥é–‹å‚¬ï¼

è¦–è´è€…ãƒ—ãƒ¬ã‚¼ãƒ³ãƒˆã‚‚æº–å‚™ä¸­ï¼ğŸ
ã‚³ãƒ©ãƒœãƒ‡ã‚¶ã‚¤ãƒ³ã®ã‚¸ãƒ£ãƒ³ãƒŠãƒ“ãƒã‚±ãƒƒãƒˆNFTã‚’æ‰‹ã«å…¥ã‚Œã‚ˆã†ï¼",2024-03-15,10:31:46,46,Business Taxonomy,Categories within Brand Verticals that narrow down the scope of Brands,1557696940178935808,Gaming Business,"Brands, companies, advertisers and every non-person handle with the profit intent related to offline and online games such as gaming consoles, tabletop games, video game publishers"
1733053760040218624,1768585878526742549,"RT @jannavi_pro: #ã‚¸ãƒ£ãƒ³ãƒŠãƒ“ Ã— #GENSO åº§è«‡ä¼š é–‹å‚¬ï¼ğŸ‰
ã„ã‚ˆã„ã‚ˆæ˜æ—¥é–‹å‚¬ï¼

è¦–è´è€…ãƒ—ãƒ¬ã‚¼ãƒ³ãƒˆã‚‚æº–å‚™ä¸­ï¼ğŸ
ã‚³ãƒ©ãƒœãƒ‡ã‚¶ã‚¤ãƒ³ã®ã‚¸ãƒ£ãƒ³ãƒŠãƒ“ãƒã‚±ãƒƒãƒˆNFTã‚’æ‰‹ã«å…¥ã‚Œã‚ˆã†ï¼",2024-03-15,10:31:46,66,Interests and Hobbies Category,"A grouping of interests and hobbies entities, like Novelty Food or Destinations",1369311988040355840,NFTs,Non-fungible tokens
1733053760040218624,1768585878526742549,"RT @jannavi_pro: #ã‚¸ãƒ£ãƒ³ãƒŠãƒ“ Ã— #GENSO åº§è«‡ä¼š é–‹å‚¬ï¼ğŸ‰
ã„ã‚ˆã„ã‚ˆæ˜æ—¥é–‹å‚¬ï¼

è¦–è´è€…ãƒ—ãƒ¬ã‚¼ãƒ³ãƒˆã‚‚æº–å‚™ä¸­ï¼ğŸ
ã‚³ãƒ©ãƒœãƒ‡ã‚¶ã‚¤ãƒ³ã®ã‚¸ãƒ£ãƒ³ãƒŠãƒ“ãƒã‚±ãƒƒãƒˆNFTã‚’æ‰‹ã«å…¥ã‚Œã‚ˆã†ï¼",2024-03-15,10:31:46,131,Unified Twitter Taxonomy,A taxonomy of user interests. ,847894353708068864,Investing,Investing
1733053760040218624,1768585878526742549,"RT @jannavi_pro: #ã‚¸ãƒ£ãƒ³ãƒŠãƒ“ Ã— #GENSO åº§è«‡ä¼š é–‹å‚¬ï¼ğŸ‰
ã„ã‚ˆã„ã‚ˆæ˜æ—¥é–‹å‚¬ï¼

è¦–è´è€…ãƒ—ãƒ¬ã‚¼ãƒ³ãƒˆã‚‚æº–å‚™ä¸­ï¼ğŸ
ã‚³ãƒ©ãƒœãƒ‡ã‚¶ã‚¤ãƒ³ã®ã‚¸ãƒ£ãƒ³ãƒŠãƒ“ãƒã‚±ãƒƒãƒˆNFTã‚’æ‰‹ã«å…¥ã‚Œã‚ˆã†ï¼",2024-03-15,10:31:46,131,Unified Twitter Taxonomy,A taxonomy of user interests. ,1369311988040355840,NFTs,Non-fungible tokens
1733053760040218624,1768585878526742549,"RT @jannavi_pro: #ã‚¸ãƒ£ãƒ³ãƒŠãƒ“ Ã— #GENSO åº§è«‡ä¼š é–‹å‚¬ï¼ğŸ‰
ã„ã‚ˆã„ã‚ˆæ˜æ—¥é–‹å‚¬ï¼

è¦–è´è€…ãƒ—ãƒ¬ã‚¼ãƒ³ãƒˆã‚‚æº–å‚™ä¸­ï¼ğŸ
ã‚³ãƒ©ãƒœãƒ‡ã‚¶ã‚¤ãƒ³ã®ã‚¸ãƒ£ãƒ³ãƒŠãƒ“ãƒã‚±ãƒƒãƒˆNFTã‚’æ‰‹ã«å…¥ã‚Œã‚ˆã†ï¼",2024-03-15,10:31:46,131,Unified Twitter Taxonomy,A taxonomy of user interests. ,1491481998862348291,Digital asset industry,
1733053760040218624,1768585878526742549,"RT @jannavi_pro: #ã‚¸ãƒ£ãƒ³ãƒŠãƒ“ Ã— #GENSO åº§è«‡ä¼š é–‹å‚¬ï¼ğŸ‰
ã„ã‚ˆã„ã‚ˆæ˜æ—¥é–‹å‚¬ï¼

è¦–è´è€…ãƒ—ãƒ¬ã‚¼ãƒ³ãƒˆã‚‚æº–å‚™ä¸­ï¼ğŸ
ã‚³ãƒ©ãƒœãƒ‡ã‚¶ã‚¤ãƒ³ã®ã‚¸ãƒ£ãƒ³ãƒŠãƒ“ãƒã‚±ãƒƒãƒˆNFTã‚’æ‰‹ã«å…¥ã‚Œã‚ˆã†ï¼",2024-03-15,10:31:46,131,Unified Twitter Taxonomy,A taxonomy of user interests. ,1492162686204854274,Digital assets & cryptocurrency,Cryptocurrency
1733053760040218624,1754357452072776060,"RT @jannavi_pro: æœ¬æ—¥ã€MV25ï¼…ã‚¢ãƒƒãƒ—ã‚­ãƒ£ãƒ³ãƒšãƒ¼ãƒ³ãŒé–‹å‚¬ãªã³ï¼|Â´&gt;âˆ‡&lt;`|
MVã‚’ã‚¤ãƒ³ãƒãƒ¼ãƒˆã™ã‚‹ã“ã¨ã§ã‚¸ãƒ£ãƒ³ãƒŠãƒ“ãƒã‚¤ãƒ³ãƒˆãŒè¶…ãŠå¾—ã«GETã§ãã‚‹ãªã³ã‚ˆâ™ª
ã“ã®æ©Ÿä¼šã«MVã‚’ã‚¤ãƒ³ãƒãƒ¼ãƒˆã—ã¦ã‚¸ãƒ£ãƒ³ãƒŠãƒ“ãƒ—ãƒ¬ã‚¤ã™ã‚‹ãªã³ï¼

é–‹å‚¬æœŸé–“
2æœˆ5æ—¥(æœˆ)12:00ï½3æœˆ4æ—¥(â€¦",2024-02-05,04:13:05,,,,,,
1733053760040218624,1733428332451283283,"RT @jannavi_pro: ï¼
æŠ½é¸1ï¸âƒ£0ï¸âƒ£åã•ã¾ã«
 #Amazonã‚®ãƒ•ãƒˆåˆ¸ 2ï¸âƒ£0ï¸âƒ£0ï¸âƒ£0ï¸âƒ£å††åˆ†ã‚’ãƒ—ãƒ¬ã‚¼ãƒ³ãƒˆï¼
 ï¼†
ç·é¡ã€Œ5ï¸âƒ£0ï¸âƒ£ä¸‡å††ã€ğŸ’´
ç›¸å½“ã®æ™¯å“GETã®ãƒãƒ£ãƒ³ã‚¹ğŸ
ï¼¼

â–¼å¿œå‹Ÿæ–¹æ³•
â‘ @jannavi_pro ã‚’ãƒ•ã‚©ãƒ­ãƒ¼
â‘¡æœ¬ãƒ„ã‚¤ãƒ¼ãƒˆã‚’RT
â‘¢â€¦",2023-12-09,10:08:14,46,Business Taxonomy,Categories within Brand Verticals that narrow down the scope of Brands,1557696848252391426,Financial Services Business,"Brands, companies, advertisers and every non-person handle with the profit intent related to Banks, Credit cards, Insurance, Investments, Stocks "
1733053760040218624,1733428332451283283,"RT @jannavi_pro: ï¼
æŠ½é¸1ï¸âƒ£0ï¸âƒ£åã•ã¾ã«
 #Amazonã‚®ãƒ•ãƒˆåˆ¸ 2ï¸âƒ£0ï¸âƒ£0ï¸âƒ£0ï¸âƒ£å††åˆ†ã‚’ãƒ—ãƒ¬ã‚¼ãƒ³ãƒˆï¼
 ï¼†
ç·é¡ã€Œ5ï¸âƒ£0ï¸âƒ£ä¸‡å††ã€ğŸ’´
ç›¸å½“ã®æ™¯å“GETã®ãƒãƒ£ãƒ³ã‚¹ğŸ
ï¼¼

â–¼å¿œå‹Ÿæ–¹æ³•
â‘ @jannavi_pro ã‚’ãƒ•ã‚©ãƒ­ãƒ¼
â‘¡æœ¬ãƒ„ã‚¤ãƒ¼ãƒˆã‚’RT
â‘¢â€¦",2023-12-09,10:08:14,46,Business Taxonomy,Categories within Brand Verticals that narrow down the scope of Brands,1557696940178935808,Gaming Business,"Brands, companies, advertisers and every non-person handle with the profit intent related to offline and online games such as gaming consoles, tabletop games, video game publishers"
1733053760040218624,1733428332451283283,"RT @jannavi_pro: ï¼
æŠ½é¸1ï¸âƒ£0ï¸âƒ£åã•ã¾ã«
 #Amazonã‚®ãƒ•ãƒˆåˆ¸ 2ï¸âƒ£0ï¸âƒ£0ï¸âƒ£0ï¸âƒ£å††åˆ†ã‚’ãƒ—ãƒ¬ã‚¼ãƒ³ãƒˆï¼
 ï¼†
ç·é¡ã€Œ5ï¸âƒ£0ï¸âƒ£ä¸‡å††ã€ğŸ’´
ç›¸å½“ã®æ™¯å“GETã®ãƒãƒ£ãƒ³ã‚¹ğŸ
ï¼¼

â–¼å¿œå‹Ÿæ–¹æ³•
â‘ @jannavi_pro ã‚’ãƒ•ã‚©ãƒ­ãƒ¼
â‘¡æœ¬ãƒ„ã‚¤ãƒ¼ãƒˆã‚’RT
â‘¢â€¦",2023-12-09,10:08:14,66,Interests and Hobbies Category,"A grouping of interests and hobbies entities, like Novelty Food or Destinations",872578743771963392,Tabletop gaming,Board Games
1733053760040218624,1733428332451283283,"RT @jannavi_pro: ï¼
æŠ½é¸1ï¸âƒ£0ï¸âƒ£åã•ã¾ã«
 #Amazonã‚®ãƒ•ãƒˆåˆ¸ 2ï¸âƒ£0ï¸âƒ£0ï¸âƒ£0ï¸âƒ£å††åˆ†ã‚’ãƒ—ãƒ¬ã‚¼ãƒ³ãƒˆï¼
 ï¼†
ç·é¡ã€Œ5ï¸âƒ£0ï¸âƒ£ä¸‡å††ã€ğŸ’´
ç›¸å½“ã®æ™¯å“GETã®ãƒãƒ£ãƒ³ã‚¹ğŸ
ï¼¼

â–¼å¿œå‹Ÿæ–¹æ³•
â‘ @jannavi_pro ã‚’ãƒ•ã‚©ãƒ­ãƒ¼
â‘¡æœ¬ãƒ„ã‚¤ãƒ¼ãƒˆã‚’RT
â‘¢â€¦",2023-12-09,10:08:14,66,Interests and Hobbies Category,"A grouping of interests and hobbies entities, like Novelty Food or Destinations",1369311988040355840,NFTs,Non-fungible tokens
1733053760040218624,1733428332451283283,"RT @jannavi_pro: ï¼
æŠ½é¸1ï¸âƒ£0ï¸âƒ£åã•ã¾ã«
 #Amazonã‚®ãƒ•ãƒˆåˆ¸ 2ï¸âƒ£0ï¸âƒ£0ï¸âƒ£0ï¸âƒ£å††åˆ†ã‚’ãƒ—ãƒ¬ã‚¼ãƒ³ãƒˆï¼
 ï¼†
ç·é¡ã€Œ5ï¸âƒ£0ï¸âƒ£ä¸‡å††ã€ğŸ’´
ç›¸å½“ã®æ™¯å“GETã®ãƒãƒ£ãƒ³ã‚¹ğŸ
ï¼¼

â–¼å¿œå‹Ÿæ–¹æ³•
â‘ @jannavi_pro ã‚’ãƒ•ã‚©ãƒ­ãƒ¼
â‘¡æœ¬ãƒ„ã‚¤ãƒ¼ãƒˆã‚’RT
â‘¢â€¦",2023-12-09,10:08:14,67,Interests and Hobbies,"Interests, opinions, and behaviors of individuals, groups, or cultures; like Speciality Cooking or Theme Parks",1146508557044469760,Mahjong,
1733053760040218624,1733428332451283283,"RT @jannavi_pro: ï¼
æŠ½é¸1ï¸âƒ£0ï¸âƒ£åã•ã¾ã«
 #Amazonã‚®ãƒ•ãƒˆåˆ¸ 2ï¸âƒ£0ï¸âƒ£0ï¸âƒ£0ï¸âƒ£å††åˆ†ã‚’ãƒ—ãƒ¬ã‚¼ãƒ³ãƒˆï¼
 ï¼†
ç·é¡ã€Œ5ï¸âƒ£0ï¸âƒ£ä¸‡å††ã€ğŸ’´
ç›¸å½“ã®æ™¯å“GETã®ãƒãƒ£ãƒ³ã‚¹ğŸ
ï¼¼

â–¼å¿œå‹Ÿæ–¹æ³•
â‘ @jannavi_pro ã‚’ãƒ•ã‚©ãƒ­ãƒ¼
â‘¡æœ¬ãƒ„ã‚¤ãƒ¼ãƒˆã‚’RT
â‘¢â€¦",2023-12-09,10:08:14,67,Interests and Hobbies,"Interests, opinions, and behaviors of individuals, groups, or cultures; like Speciality Cooking or Theme Parks",1175097393290735616,Traditional games,"Traditional tabletop games like poker, chess, and mahjong."
1733053760040218624,1733428332451283283,"RT @jannavi_pro: ï¼
æŠ½é¸1ï¸âƒ£0ï¸âƒ£åã•ã¾ã«
 #Amazonã‚®ãƒ•ãƒˆåˆ¸ 2ï¸âƒ£0ï¸âƒ£0ï¸âƒ£0ï¸âƒ£å††åˆ†ã‚’ãƒ—ãƒ¬ã‚¼ãƒ³ãƒˆï¼
 ï¼†
ç·é¡ã€Œ5ï¸âƒ£0ï¸âƒ£ä¸‡å††ã€ğŸ’´
ç›¸å½“ã®æ™¯å“GETã®ãƒãƒ£ãƒ³ã‚¹ğŸ
ï¼¼

â–¼å¿œå‹Ÿæ–¹æ³•
â‘ @jannavi_pro ã‚’ãƒ•ã‚©ãƒ­ãƒ¼
â‘¡æœ¬ãƒ„ã‚¤ãƒ¼ãƒˆã‚’RT
â‘¢â€¦",2023-12-09,10:08:14,131,Unified Twitter Taxonomy,A taxonomy of user interests. ,847527650667094017,Gaming,Gaming
1733053760040218624,1733428332451283283,"RT @jannavi_pro: ï¼
æŠ½é¸1ï¸âƒ£0ï¸âƒ£åã•ã¾ã«
 #Amazonã‚®ãƒ•ãƒˆåˆ¸ 2ï¸âƒ£0ï¸âƒ£0ï¸âƒ£0ï¸âƒ£å††åˆ†ã‚’ãƒ—ãƒ¬ã‚¼ãƒ³ãƒˆï¼
 ï¼†
ç·é¡ã€Œ5ï¸âƒ£0ï¸âƒ£ä¸‡å††ã€ğŸ’´
ç›¸å½“ã®æ™¯å“GETã®ãƒãƒ£ãƒ³ã‚¹ğŸ
ï¼¼

â–¼å¿œå‹Ÿæ–¹æ³•
â‘ @jannavi_pro ã‚’ãƒ•ã‚©ãƒ­ãƒ¼
â‘¡æœ¬ãƒ„ã‚¤ãƒ¼ãƒˆã‚’RT
â‘¢â€¦",2023-12-09,10:08:14,131,Unified Twitter Taxonomy,A taxonomy of user interests. ,847894353708068864,Investing,Investing
1733053760040218624,1733428332451283283,"RT @jannavi_pro: ï¼
æŠ½é¸1ï¸âƒ£0ï¸âƒ£åã•ã¾ã«
 #Amazonã‚®ãƒ•ãƒˆåˆ¸ 2ï¸âƒ£0ï¸âƒ£0ï¸âƒ£0ï¸âƒ£å††åˆ†ã‚’ãƒ—ãƒ¬ã‚¼ãƒ³ãƒˆï¼
 ï¼†
ç·é¡ã€Œ5ï¸âƒ£0ï¸âƒ£ä¸‡å††ã€ğŸ’´
ç›¸å½“ã®æ™¯å“GETã®ãƒãƒ£ãƒ³ã‚¹ğŸ
ï¼¼

â–¼å¿œå‹Ÿæ–¹æ³•
â‘ @jannavi_pro ã‚’ãƒ•ã‚©ãƒ­ãƒ¼
â‘¡æœ¬ãƒ„ã‚¤ãƒ¼ãƒˆã‚’RT
â‘¢â€¦",2023-12-09,10:08:14,131,Unified Twitter Taxonomy,A taxonomy of user interests. ,872578743771963392,Tabletop gaming,Board Games
1733053760040218624,1733428332451283283,"RT @jannavi_pro: ï¼
æŠ½é¸1ï¸âƒ£0ï¸âƒ£åã•ã¾ã«
 #Amazonã‚®ãƒ•ãƒˆåˆ¸ 2ï¸âƒ£0ï¸âƒ£0ï¸âƒ£0ï¸âƒ£å††åˆ†ã‚’ãƒ—ãƒ¬ã‚¼ãƒ³ãƒˆï¼
 ï¼†
ç·é¡ã€Œ5ï¸âƒ£0ï¸âƒ£ä¸‡å††ã€ğŸ’´
ç›¸å½“ã®æ™¯å“GETã®ãƒãƒ£ãƒ³ã‚¹ğŸ
ï¼¼

â–¼å¿œå‹Ÿæ–¹æ³•
â‘ @jannavi_pro ã‚’ãƒ•ã‚©ãƒ­ãƒ¼
â‘¡æœ¬ãƒ„ã‚¤ãƒ¼ãƒˆã‚’RT
â‘¢â€¦",2023-12-09,10:08:14,131,Unified Twitter Taxonomy,A taxonomy of user interests. ,1146508557044469760,Mahjong,
1733053760040218624,1733428332451283283,"RT @jannavi_pro: ï¼
æŠ½é¸1ï¸âƒ£0ï¸âƒ£åã•ã¾ã«
 #Amazonã‚®ãƒ•ãƒˆåˆ¸ 2ï¸âƒ£0ï¸âƒ£0ï¸âƒ£0ï¸âƒ£å††åˆ†ã‚’ãƒ—ãƒ¬ã‚¼ãƒ³ãƒˆï¼
 ï¼†
ç·é¡ã€Œ5ï¸âƒ£0ï¸âƒ£ä¸‡å††ã€ğŸ’´
ç›¸å½“ã®æ™¯å“GETã®ãƒãƒ£ãƒ³ã‚¹ğŸ
ï¼¼

â–¼å¿œå‹Ÿæ–¹æ³•
â‘ @jannavi_pro ã‚’ãƒ•ã‚©ãƒ­ãƒ¼
â‘¡æœ¬ãƒ„ã‚¤ãƒ¼ãƒˆã‚’RT
â‘¢â€¦",2023-12-09,10:08:14,131,Unified Twitter Taxonomy,A taxonomy of user interests. ,1175097393290735616,Traditional games,"Traditional tabletop games like poker, chess, and mahjong."
1733053760040218624,1733428332451283283,"RT @jannavi_pro: ï¼
æŠ½é¸1ï¸âƒ£0ï¸âƒ£åã•ã¾ã«
 #Amazonã‚®ãƒ•ãƒˆåˆ¸ 2ï¸âƒ£0ï¸âƒ£0ï¸âƒ£0ï¸âƒ£å††åˆ†ã‚’ãƒ—ãƒ¬ã‚¼ãƒ³ãƒˆï¼
 ï¼†
ç·é¡ã€Œ5ï¸âƒ£0ï¸âƒ£ä¸‡å††ã€ğŸ’´
ç›¸å½“ã®æ™¯å“GETã®ãƒãƒ£ãƒ³ã‚¹ğŸ
ï¼¼

â–¼å¿œå‹Ÿæ–¹æ³•
â‘ @jannavi_pro ã‚’ãƒ•ã‚©ãƒ­ãƒ¼
â‘¡æœ¬ãƒ„ã‚¤ãƒ¼ãƒˆã‚’RT
â‘¢â€¦",2023-12-09,10:08:14,131,Unified Twitter Taxonomy,A taxonomy of user interests. ,1369311988040355840,NFTs,Non-fungible tokens
1733053760040218624,1733428332451283283,"RT @jannavi_pro: ï¼
æŠ½é¸1ï¸âƒ£0ï¸âƒ£åã•ã¾ã«
 #Amazonã‚®ãƒ•ãƒˆåˆ¸ 2ï¸âƒ£0ï¸âƒ£0ï¸âƒ£0ï¸âƒ£å††åˆ†ã‚’ãƒ—ãƒ¬ã‚¼ãƒ³ãƒˆï¼
 ï¼†
ç·é¡ã€Œ5ï¸âƒ£0ï¸âƒ£ä¸‡å††ã€ğŸ’´
ç›¸å½“ã®æ™¯å“GETã®ãƒãƒ£ãƒ³ã‚¹ğŸ
ï¼¼

â–¼å¿œå‹Ÿæ–¹æ³•
â‘ @jannavi_pro ã‚’ãƒ•ã‚©ãƒ­ãƒ¼
â‘¡æœ¬ãƒ„ã‚¤ãƒ¼ãƒˆã‚’RT
â‘¢â€¦",2023-12-09,10:08:14,131,Unified Twitter Taxonomy,A taxonomy of user interests. ,1491481998862348291,Digital asset industry,
1733053760040218624,1733428332451283283,"RT @jannavi_pro: ï¼
æŠ½é¸1ï¸âƒ£0ï¸âƒ£åã•ã¾ã«
 #Amazonã‚®ãƒ•ãƒˆåˆ¸ 2ï¸âƒ£0ï¸âƒ£0ï¸âƒ£0ï¸âƒ£å††åˆ†ã‚’ãƒ—ãƒ¬ã‚¼ãƒ³ãƒˆï¼
 ï¼†
ç·é¡ã€Œ5ï¸âƒ£0ï¸âƒ£ä¸‡å††ã€ğŸ’´
ç›¸å½“ã®æ™¯å“GETã®ãƒãƒ£ãƒ³ã‚¹ğŸ
ï¼¼

â–¼å¿œå‹Ÿæ–¹æ³•
â‘ @jannavi_pro ã‚’ãƒ•ã‚©ãƒ­ãƒ¼
â‘¡æœ¬ãƒ„ã‚¤ãƒ¼ãƒˆã‚’RT
â‘¢â€¦",2023-12-09,10:08:14,131,Unified Twitter Taxonomy,A taxonomy of user interests. ,1492162686204854274,Digital assets & cryptocurrency,Cryptocurrency
1709769209285373952,1771418778179666310,"RT @lastmemories_g: ã€2æ—¥ç›®ã€‘
#ãƒ©ã‚¹ãƒ¡ãƒ¢ å…¨ã‚­ãƒ£ãƒ©å…¬é–‹
ï¼¼è¨˜å¿µã‚­ãƒ£ãƒ³ãƒšãƒ¼ãƒ³ğŸï¼

æ¯æ—¥ã€æœ€å¤§1ä¸‡å††åˆ†ã® #ãˆã‚‰ã¹ã‚‹Pay ãŒ
ãã®å ´ã§å½“ãŸã‚‹ğŸ¯
3/28(æœ¨)ã¾ã§â™ª

ğŸ€å‚åŠ æ–¹æ³• 
â‘  @lastmemories_g ã‚’ãƒ•ã‚©ãƒ­ãƒ¼ 
â‘¡ ã“ã®æŠ•ç¨¿ã‚’ãƒªãƒã‚¹ãƒˆâ€¦",2024-03-23,06:08:42,,,,,,
1709769209285373952,1771407385820844516,@alljon12 ãã®å¾Œã€æ”¯åº—é•·ã¨ã‚ã£ã¦ã‚‚ãƒ€ãƒ¡ã ã£ãŸã‚“ã™ã‹ï½—,2024-03-23,05:23:26,,,,,,
1709769209285373952,1771406025998176534,"RT @JGG_Community: Delithe - Last Memories -
âš–ï¸ è¨¼äººå–šå•AMAâš–ï¸ 
ğŸ“Œ3æœˆ25æ—¥(æœˆ) 22:00ï½
ğŸ“ŒJGG Discord AMAä¼šå ´ã«ã¦
ğŸ“ŒReward: ã‚¨ã‚¢ãƒ‰ãƒ­SBT x 10
#äº•é§’ã‚†ã‚Šãˆ (æ¨ã—ã®å­ï¼šãƒ«ãƒ“ãƒ¼)
#ç«¹â€¦",2024-03-23,05:18:02,47,Brand,Brands and Companies,1168499224297656321,Discord,
1709769209285373952,1771406025998176534,"RT @JGG_Community: Delithe - Last Memories -
âš–ï¸ è¨¼äººå–šå•AMAâš–ï¸ 
ğŸ“Œ3æœˆ25æ—¥(æœˆ) 22:00ï½
ğŸ“ŒJGG Discord AMAä¼šå ´ã«ã¦
ğŸ“ŒReward: ã‚¨ã‚¢ãƒ‰ãƒ­SBT x 10
#äº•é§’ã‚†ã‚Šãˆ (æ¨ã—ã®å­ï¼šãƒ«ãƒ“ãƒ¼)
#ç«¹â€¦",2024-03-23,05:18:02,131,Unified Twitter Taxonomy,A taxonomy of user interests. ,1168499224297656321,Discord,
1709769209285373952,1771406025998176534,"RT @JGG_Community: Delithe - Last Memories -
âš–ï¸ è¨¼äººå–šå•AMAâš–ï¸ 
ğŸ“Œ3æœˆ25æ—¥(æœˆ) 22:00ï½
ğŸ“ŒJGG Discord AMAä¼šå ´ã«ã¦
ğŸ“ŒReward: ã‚¨ã‚¢ãƒ‰ãƒ­SBT x 10
#äº•é§’ã‚†ã‚Šãˆ (æ¨ã—ã®å­ï¼šãƒ«ãƒ“ãƒ¼)
#ç«¹â€¦",2024-03-23,05:18:02,165,Technology,"for individual and types of technology, e.g., food technology, 3D printing",1196446161223028736,Social media,
1709769209285373952,1771194735996158302,"https://t.co/Lm0NCZlbq3
Rã«ãªã£ã¦æˆ»ã£ã¦æ¥ã„ã‚ˆã‰ã‰ã‰ã‰ï¼ï¼",2024-03-22,15:18:26,,,,,,
1709769209285373952,1771194732862992601,"#StellaFantasy #ã‚¹ãƒ†ãƒ©ãƒ•ã‚¡ãƒ³ã‚¿ã‚¸ãƒ¼ 
ãƒãƒ¼ãƒ–ãƒ¬ãƒƒã‚¯ã‚¹ã®ãƒ­ãƒ¼ãƒ‰ãƒãƒƒãƒ—ã‚’è¦‹ã‚‹ã¨ã€ç¾åœ¨STEP13ã¾ã§å®Œäº†ã—ã¦ã„ã‚‹ã€‚
ä»Šã‚„ã£ã¦ã‚‹ãƒ‘ã‚ºãƒ«ã¨ãƒ«ãƒŠã‚¢ãƒ‹ãƒãƒ«ã®å¥´ã ã­ã€‚
ãã—ã¦STEP18ã¯ãƒ»ãƒ»ãƒ»ï¼Ÿ

å¾…ã£ã¦ã‚‹ã§ã‡ã‡ã‡ã‡ã‡ï¼ï¼ï¼ï¼ https://t.co/AhpuHywaOy https://t.co/KQa07ByiBl",2024-03-22,15:18:26,46,Business Taxonomy,Categories within Brand Verticals that narrow down the scope of Brands,1557696940178935808,Gaming Business,"Brands, companies, advertisers and every non-person handle with the profit intent related to offline and online games such as gaming consoles, tabletop games, video game publishers"
1709769209285373952,1771178402961125546,ãŠã•ã‚ã‚Šã—ã¾ã—ã‚‡ğŸ’‹ğŸ’ https://t.co/1geqwtP69Z,2024-03-22,14:13:32,46,Business Taxonomy,Categories within Brand Verticals that narrow down the scope of Brands,1557696848252391426,Financial Services Business,"Brands, companies, advertisers and every non-person handle with the profit intent related to Banks, Credit cards, Insurance, Investments, Stocks "
1709769209285373952,1771178402961125546,ãŠã•ã‚ã‚Šã—ã¾ã—ã‚‡ğŸ’‹ğŸ’ https://t.co/1geqwtP69Z,2024-03-22,14:13:32,46,Business Taxonomy,Categories within Brand Verticals that narrow down the scope of Brands,1557696940178935808,Gaming Business,"Brands, companies, advertisers and every non-person handle with the profit intent related to offline and online games such as gaming consoles, tabletop games, video game publishers"
1709769209285373952,1771178402961125546,ãŠã•ã‚ã‚Šã—ã¾ã—ã‚‡ğŸ’‹ğŸ’ https://t.co/1geqwtP69Z,2024-03-22,14:13:32,46,Business Taxonomy,Categories within Brand Verticals that narrow down the scope of Brands,1557697333571112960,Technology Business,"Brands, companies, advertisers and every non-person handle with the profit intent related to softwares, apps, communication equipments, hardwares"
1709769209285373952,1771178402961125546,ãŠã•ã‚ã‚Šã—ã¾ã—ã‚‡ğŸ’‹ğŸ’ https://t.co/1geqwtP69Z,2024-03-22,14:13:32,66,Interests and Hobbies Category,"A grouping of interests and hobbies entities, like Novelty Food or Destinations",1369311988040355840,NFTs,Non-fungible tokens
1709769209285373952,1771178402961125546,ãŠã•ã‚ã‚Šã—ã¾ã—ã‚‡ğŸ’‹ğŸ’ https://t.co/1geqwtP69Z,2024-03-22,14:13:32,131,Unified Twitter Taxonomy,A taxonomy of user interests. ,847894353708068864,Investing,Investing
1709769209285373952,1771178402961125546,ãŠã•ã‚ã‚Šã—ã¾ã—ã‚‡ğŸ’‹ğŸ’ https://t.co/1geqwtP69Z,2024-03-22,14:13:32,131,Unified Twitter Taxonomy,A taxonomy of user interests. ,848920371311001600,Technology,Technology and computing
1709769209285373952,1771178402961125546,ãŠã•ã‚ã‚Šã—ã¾ã—ã‚‡ğŸ’‹ğŸ’ https://t.co/1geqwtP69Z,2024-03-22,14:13:32,131,Unified Twitter Taxonomy,A taxonomy of user interests. ,1369311988040355840,NFTs,Non-fungible tokens
1709769209285373952,1771178402961125546,ãŠã•ã‚ã‚Šã—ã¾ã—ã‚‡ğŸ’‹ğŸ’ https://t.co/1geqwtP69Z,2024-03-22,14:13:32,131,Unified Twitter Taxonomy,A taxonomy of user interests. ,1486271512655003652,Web3,
1709769209285373952,1771178402961125546,ãŠã•ã‚ã‚Šã—ã¾ã—ã‚‡ğŸ’‹ğŸ’ https://t.co/1geqwtP69Z,2024-03-22,14:13:32,131,Unified Twitter Taxonomy,A taxonomy of user interests. ,1491481998862348291,Digital asset industry,
1709769209285373952,1771178402961125546,ãŠã•ã‚ã‚Šã—ã¾ã—ã‚‡ğŸ’‹ğŸ’ https://t.co/1geqwtP69Z,2024-03-22,14:13:32,131,Unified Twitter Taxonomy,A taxonomy of user interests. ,1492162686204854274,Digital assets & cryptocurrency,Cryptocurrency
1709769209285373952,1771178067156664751,"RT @JGG_Community: ã€MARBLEX Puzzle NFT GiveawayğŸã€‘

ã‚²ãƒ¼ãƒãƒ¼ãªã‚‰èª°ã‚‚ãŒã”å­˜çŸ¥Netmarbleã®web3éƒ¨é–€MARBLEXãŒä¼šå“¡è¨¼ã§ã‚ã‚‹Lunar Animalsã‚’ãƒ­ãƒ¼ãƒ³ãƒã—ã¾ã—ãŸğŸ€ğŸ®ğŸ…ğŸ‡

é›†ã‚ã‚Œã°ãƒ¡ãƒ³ãƒãƒ¼ã‚·ãƒƒãƒ—NFTã§ã‚ã‚‹Lâ€¦",2024-03-22,14:12:12,46,Business Taxonomy,Categories within Brand Verticals that narrow down the scope of Brands,1557696848252391426,Financial Services Business,"Brands, companies, advertisers and every non-person handle with the profit intent related to Banks, Credit cards, Insurance, Investments, Stocks "
1709769209285373952,1771178067156664751,"RT @JGG_Community: ã€MARBLEX Puzzle NFT GiveawayğŸã€‘

ã‚²ãƒ¼ãƒãƒ¼ãªã‚‰èª°ã‚‚ãŒã”å­˜çŸ¥Netmarbleã®web3éƒ¨é–€MARBLEXãŒä¼šå“¡è¨¼ã§ã‚ã‚‹Lunar Animalsã‚’ãƒ­ãƒ¼ãƒ³ãƒã—ã¾ã—ãŸğŸ€ğŸ®ğŸ…ğŸ‡

é›†ã‚ã‚Œã°ãƒ¡ãƒ³ãƒãƒ¼ã‚·ãƒƒãƒ—NFTã§ã‚ã‚‹Lâ€¦",2024-03-22,14:12:12,46,Business Taxonomy,Categories within Brand Verticals that narrow down the scope of Brands,1557696940178935808,Gaming Business,"Brands, companies, advertisers and every non-person handle with the profit intent related to offline and online games such as gaming consoles, tabletop games, video game publishers"
1709769209285373952,1771178067156664751,"RT @JGG_Community: ã€MARBLEX Puzzle NFT GiveawayğŸã€‘

ã‚²ãƒ¼ãƒãƒ¼ãªã‚‰èª°ã‚‚ãŒã”å­˜çŸ¥Netmarbleã®web3éƒ¨é–€MARBLEXãŒä¼šå“¡è¨¼ã§ã‚ã‚‹Lunar Animalsã‚’ãƒ­ãƒ¼ãƒ³ãƒã—ã¾ã—ãŸğŸ€ğŸ®ğŸ…ğŸ‡

é›†ã‚ã‚Œã°ãƒ¡ãƒ³ãƒãƒ¼ã‚·ãƒƒãƒ—NFTã§ã‚ã‚‹Lâ€¦",2024-03-22,14:12:12,46,Business Taxonomy,Categories within Brand Verticals that narrow down the scope of Brands,1557697333571112960,Technology Business,"Brands, companies, advertisers and every non-person handle with the profit intent related to softwares, apps, communication equipments, hardwares"
1709769209285373952,1771178067156664751,"RT @JGG_Community: ã€MARBLEX Puzzle NFT GiveawayğŸã€‘

ã‚²ãƒ¼ãƒãƒ¼ãªã‚‰èª°ã‚‚ãŒã”å­˜çŸ¥Netmarbleã®web3éƒ¨é–€MARBLEXãŒä¼šå“¡è¨¼ã§ã‚ã‚‹Lunar Animalsã‚’ãƒ­ãƒ¼ãƒ³ãƒã—ã¾ã—ãŸğŸ€ğŸ®ğŸ…ğŸ‡

é›†ã‚ã‚Œã°ãƒ¡ãƒ³ãƒãƒ¼ã‚·ãƒƒãƒ—NFTã§ã‚ã‚‹Lâ€¦",2024-03-22,14:12:12,66,Interests and Hobbies Category,"A grouping of interests and hobbies entities, like Novelty Food or Destinations",1369311988040355840,NFTs,Non-fungible tokens
1709769209285373952,1771178067156664751,"RT @JGG_Community: ã€MARBLEX Puzzle NFT GiveawayğŸã€‘

ã‚²ãƒ¼ãƒãƒ¼ãªã‚‰èª°ã‚‚ãŒã”å­˜çŸ¥Netmarbleã®web3éƒ¨é–€MARBLEXãŒä¼šå“¡è¨¼ã§ã‚ã‚‹Lunar Animalsã‚’ãƒ­ãƒ¼ãƒ³ãƒã—ã¾ã—ãŸğŸ€ğŸ®ğŸ…ğŸ‡

é›†ã‚ã‚Œã°ãƒ¡ãƒ³ãƒãƒ¼ã‚·ãƒƒãƒ—NFTã§ã‚ã‚‹Lâ€¦",2024-03-22,14:12:12,131,Unified Twitter Taxonomy,A taxonomy of user interests. ,847894353708068864,Investing,Investing
1709769209285373952,1771178067156664751,"RT @JGG_Community: ã€MARBLEX Puzzle NFT GiveawayğŸã€‘

ã‚²ãƒ¼ãƒãƒ¼ãªã‚‰èª°ã‚‚ãŒã”å­˜çŸ¥Netmarbleã®web3éƒ¨é–€MARBLEXãŒä¼šå“¡è¨¼ã§ã‚ã‚‹Lunar Animalsã‚’ãƒ­ãƒ¼ãƒ³ãƒã—ã¾ã—ãŸğŸ€ğŸ®ğŸ…ğŸ‡

é›†ã‚ã‚Œã°ãƒ¡ãƒ³ãƒãƒ¼ã‚·ãƒƒãƒ—NFTã§ã‚ã‚‹Lâ€¦",2024-03-22,14:12:12,131,Unified Twitter Taxonomy,A taxonomy of user interests. ,848920371311001600,Technology,Technology and computing
1709769209285373952,1771178067156664751,"RT @JGG_Community: ã€MARBLEX Puzzle NFT GiveawayğŸã€‘

ã‚²ãƒ¼ãƒãƒ¼ãªã‚‰èª°ã‚‚ãŒã”å­˜çŸ¥Netmarbleã®web3éƒ¨é–€MARBLEXãŒä¼šå“¡è¨¼ã§ã‚ã‚‹Lunar Animalsã‚’ãƒ­ãƒ¼ãƒ³ãƒã—ã¾ã—ãŸğŸ€ğŸ®ğŸ…ğŸ‡

é›†ã‚ã‚Œã°ãƒ¡ãƒ³ãƒãƒ¼ã‚·ãƒƒãƒ—NFTã§ã‚ã‚‹Lâ€¦",2024-03-22,14:12:12,131,Unified Twitter Taxonomy,A taxonomy of user interests. ,1369311988040355840,NFTs,Non-fungible tokens
1709769209285373952,1771178067156664751,"RT @JGG_Community: ã€MARBLEX Puzzle NFT GiveawayğŸã€‘

ã‚²ãƒ¼ãƒãƒ¼ãªã‚‰èª°ã‚‚ãŒã”å­˜çŸ¥Netmarbleã®web3éƒ¨é–€MARBLEXãŒä¼šå“¡è¨¼ã§ã‚ã‚‹Lunar Animalsã‚’ãƒ­ãƒ¼ãƒ³ãƒã—ã¾ã—ãŸğŸ€ğŸ®ğŸ…ğŸ‡

é›†ã‚ã‚Œã°ãƒ¡ãƒ³ãƒãƒ¼ã‚·ãƒƒãƒ—NFTã§ã‚ã‚‹Lâ€¦",2024-03-22,14:12:12,131,Unified Twitter Taxonomy,A taxonomy of user interests. ,1486271512655003652,Web3,
1709769209285373952,1771178067156664751,"RT @JGG_Community: ã€MARBLEX Puzzle NFT GiveawayğŸã€‘

ã‚²ãƒ¼ãƒãƒ¼ãªã‚‰èª°ã‚‚ãŒã”å­˜çŸ¥Netmarbleã®web3éƒ¨é–€MARBLEXãŒä¼šå“¡è¨¼ã§ã‚ã‚‹Lunar Animalsã‚’ãƒ­ãƒ¼ãƒ³ãƒã—ã¾ã—ãŸğŸ€ğŸ®ğŸ…ğŸ‡

é›†ã‚ã‚Œã°ãƒ¡ãƒ³ãƒãƒ¼ã‚·ãƒƒãƒ—NFTã§ã‚ã‚‹Lâ€¦",2024-03-22,14:12:12,131,Unified Twitter Taxonomy,A taxonomy of user interests. ,1491481998862348291,Digital asset industry,
1709769209285373952,1771178067156664751,"RT @JGG_Community: ã€MARBLEX Puzzle NFT GiveawayğŸã€‘

ã‚²ãƒ¼ãƒãƒ¼ãªã‚‰èª°ã‚‚ãŒã”å­˜çŸ¥Netmarbleã®web3éƒ¨é–€MARBLEXãŒä¼šå“¡è¨¼ã§ã‚ã‚‹Lunar Animalsã‚’ãƒ­ãƒ¼ãƒ³ãƒã—ã¾ã—ãŸğŸ€ğŸ®ğŸ…ğŸ‡

é›†ã‚ã‚Œã°ãƒ¡ãƒ³ãƒãƒ¼ã‚·ãƒƒãƒ—NFTã§ã‚ã‚‹Lâ€¦",2024-03-22,14:12:12,131,Unified Twitter Taxonomy,A taxonomy of user interests. ,1492162686204854274,Digital assets & cryptocurrency,Cryptocurrency
1709769209285373952,1771167718001262856,"#ç«¹é”å½©å¥ˆ #ãƒ©ã‚¹ãƒ¡ãƒ¢ 
ç«¹é”ã•ããããããã‚“ï¼ï¼ï¼ï¼ï¼
ã‚ãƒ¼ã‚‚ã†ã€æ‰‹æ–™ç†ã‚’ä½œã£ã¦ã‚ã’ãŸã„ğŸ”ªğŸ¥© https://t.co/9i2BtYwlIy",2024-03-22,13:31:05,10,Person,Named people in the world like Nelson Mandela,1038153041289998336,Ayana Taketatsu,Ayana Taketatsu (ç«¹é”å½©å¥ˆ)
1709769209285373952,1771167718001262856,"#ç«¹é”å½©å¥ˆ #ãƒ©ã‚¹ãƒ¡ãƒ¢ 
ç«¹é”ã•ããããããã‚“ï¼ï¼ï¼ï¼ï¼
ã‚ãƒ¼ã‚‚ã†ã€æ‰‹æ–™ç†ã‚’ä½œã£ã¦ã‚ã’ãŸã„ğŸ”ªğŸ¥© https://t.co/9i2BtYwlIy",2024-03-22,13:31:05,56,Actor,"An actor or actress in the world, like Kate Winslet or Leonardo DiCaprio",1038153041289998336,Ayana Taketatsu,Ayana Taketatsu (ç«¹é”å½©å¥ˆ)
1709769209285373952,1771167718001262856,"#ç«¹é”å½©å¥ˆ #ãƒ©ã‚¹ãƒ¡ãƒ¢ 
ç«¹é”ã•ããããããã‚“ï¼ï¼ï¼ï¼ï¼
ã‚ãƒ¼ã‚‚ã†ã€æ‰‹æ–™ç†ã‚’ä½œã£ã¦ã‚ã’ãŸã„ğŸ”ªğŸ¥© https://t.co/9i2BtYwlIy",2024-03-22,13:31:05,131,Unified Twitter Taxonomy,A taxonomy of user interests. ,1038153041289998336,Ayana Taketatsu,Ayana Taketatsu (ç«¹é”å½©å¥ˆ)
1709769209285373952,1770789058521817563,@GasHeroOfficial 14,2024-03-21,12:26:25,,,,,,
1709769209285373952,1770724779407917309,"@lastmemories_g #æ¨ã—ãƒ‰ãƒ¼ãƒ« 
ç§‹æœˆãƒ›ã‚¿ãƒ«",2024-03-21,08:11:00,,,,,,
1709769209285373952,1770724545353162828,"RT @lastmemories_g: ã€æ¨ã—DOLLã€ã‚¹ãƒ†ãƒƒãƒ—ã‚¢ãƒƒãƒ—ã‚­ãƒ£ãƒ³ãƒšãƒ¼ãƒ³ğŸ‰

æœ€å¤§1ï½6ä¸‡å††åˆ†ã® #Amazonã‚®ãƒ•ãƒˆåˆ¸ ã‚’æŠ½é¸ã§ãƒ—ãƒ¬ã‚¼ãƒ³ãƒˆğŸ

âœ…å‚åŠ æ–¹æ³• 
1âƒ£@lastmemories_gã‚’ãƒ•ã‚©ãƒ­ãƒ¼ 
2âƒ£æœ¬æŠ•ç¨¿ã‚’ãƒªãƒã‚¹ãƒˆ
3âƒ£ã€Œ#æ¨ã—ãƒ‰ãƒ¼ãƒ«ã€ã‚’ã¤ã‘ã¦
ã€€å¥½ããªâ€¦",2024-03-21,08:10:04,,,,,,
1709769209285373952,1770683612155039887,"@Lion_STEPN ã¸ã‡ãƒ»ãƒ»ãƒ»
ãŠä»•ç½®ããŒå¿…è¦ãªã‚ˆã†ã­ã€‚ https://t.co/D8lGixSvxc",2024-03-21,05:27:25,,,,,,
1709769209285373952,1770464654676083060,@maku67879787 @TimeSTEPNer ã‚«ãƒƒãƒã‚«ãƒã‚„ããƒ»ãƒ»ãƒ»ãƒ»ãƒ»ãƒ»ãƒ»ãƒ»,2024-03-20,14:57:21,,,,,,
1709769209285373952,1770443513521648010,"@TimeSTEPNer @maku67879787 ãã‚Šã‚ƒããƒŠãƒ‹ãŒã¨ã¯è¨€ã„ã¾ã›ã‚“ã‘ã©ã‚«ãƒƒãƒã‚«ãƒã§ã™ã‹ã‚‰ã­ã€‚
ã‚«ãƒƒãƒã‚«ãƒãªã®ã€å¥½ãã§ã—ã‚‡ã†ï¼Ÿ",2024-03-20,13:33:21,,,,,,
1709769209285373952,1770430295873061257,"ã—ã£ã¦ã‚‹ã€‚
ã“ã®äºŒäººãŒãƒ–ãƒªãƒ¼ãƒ‡ã‚£ãƒ³ã‚°ã—ã¦ã‚‚
ãŠã˜ã„ã¡ã‚ƒã‚“ãŒç”Ÿã¾ã‚Œã¦ãã¦
æµ®æ°—ãŒãƒãƒ¬ã¦
ä¿®ç¾…å ´ã«ãªã‚‹ã‚“ã  https://t.co/rvCspTdaKp",2024-03-20,12:40:50,29,Events [Entity Service],Real world events. ,1372917575357591554,Easter,this entity for all conversations for Easter all year 
1709769209285373952,1770430295873061257,"ã—ã£ã¦ã‚‹ã€‚
ã“ã®äºŒäººãŒãƒ–ãƒªãƒ¼ãƒ‡ã‚£ãƒ³ã‚°ã—ã¦ã‚‚
ãŠã˜ã„ã¡ã‚ƒã‚“ãŒç”Ÿã¾ã‚Œã¦ãã¦
æµ®æ°—ãŒãƒãƒ¬ã¦
ä¿®ç¾…å ´ã«ãªã‚‹ã‚“ã  https://t.co/rvCspTdaKp",2024-03-20,12:40:50,119,Holiday,Holidays like Christmas or Halloween,1372917575357591554,Easter,this entity for all conversations for Easter all year 
1709769209285373952,1770430295873061257,"ã—ã£ã¦ã‚‹ã€‚
ã“ã®äºŒäººãŒãƒ–ãƒªãƒ¼ãƒ‡ã‚£ãƒ³ã‚°ã—ã¦ã‚‚
ãŠã˜ã„ã¡ã‚ƒã‚“ãŒç”Ÿã¾ã‚Œã¦ãã¦
æµ®æ°—ãŒãƒãƒ¬ã¦
ä¿®ç¾…å ´ã«ãªã‚‹ã‚“ã  https://t.co/rvCspTdaKp",2024-03-20,12:40:50,131,Unified Twitter Taxonomy,A taxonomy of user interests. ,1372917575357591554,Easter,this entity for all conversations for Easter all year 
1709769209285373952,1770429838131970549,"@zensokumode ã‚ã–ã¾ã™ï¼ï¼
ã“ã®ãƒãƒƒãƒˆã®ç¹‹ãŒã‚ŠãŒã‚ã‚ŠãŒã¦ã‡ã§ã™ï¼ï¼",2024-03-20,12:39:01,,,,,,
1709769209285373952,1770413293301289357,@Cry_Andrich æ‹¡æ•£ã™ãªï½—ï½—ï½—,2024-03-20,11:33:16,,,,,,
1709769209285373952,1770408866922332451,@Cry_Andrich ã‚ãŸãã—ã€ç· ã¾ã‚Šã¯è‰¯ãã£ã¦ã‚ˆğŸ˜‡,2024-03-20,11:15:41,,,,,,
1709769209285373952,1770399585149866021,@Cry_Andrich ã‚¬ãƒãƒŠãƒ³ã‚¹ãƒˆãƒ¼ã‚¯ãƒ³é€ã‚‹ã‚“ã§ã‚¦ã‚©ãƒ¬ãƒƒãƒˆã‚¢ãƒ‰ãƒ¬ã‚¹ãã ã—ã‚ï¼ï¼,2024-03-20,10:38:48,,,,,,
1709769209285373952,1770398446886981702,@Cry_Andrich è©³ã—ãã¯Nishikiè‘¬å¼DAOã¾ã§ï¼ï¼,2024-03-20,10:34:16,,,,,,
1709769209285373952,1770397396532629638,@Cry_Andrich NISHIKIã®å¢“æ¨™NFTã¯ã‚¨ã‚¢ãƒ‰ãƒ­ã‚ã‚Šã¾ã™ï¼ï¼,2024-03-20,10:30:06,46,Business Taxonomy,Categories within Brand Verticals that narrow down the scope of Brands,1557696848252391426,Financial Services Business,"Brands, companies, advertisers and every non-person handle with the profit intent related to Banks, Credit cards, Insurance, Investments, Stocks "
1709769209285373952,1770397396532629638,@Cry_Andrich NISHIKIã®å¢“æ¨™NFTã¯ã‚¨ã‚¢ãƒ‰ãƒ­ã‚ã‚Šã¾ã™ï¼ï¼,2024-03-20,10:30:06,66,Interests and Hobbies Category,"A grouping of interests and hobbies entities, like Novelty Food or Destinations",1369311988040355840,NFTs,Non-fungible tokens
1709769209285373952,1770397396532629638,@Cry_Andrich NISHIKIã®å¢“æ¨™NFTã¯ã‚¨ã‚¢ãƒ‰ãƒ­ã‚ã‚Šã¾ã™ï¼ï¼,2024-03-20,10:30:06,131,Unified Twitter Taxonomy,A taxonomy of user interests. ,847894353708068864,Investing,Investing
1709769209285373952,1770397396532629638,@Cry_Andrich NISHIKIã®å¢“æ¨™NFTã¯ã‚¨ã‚¢ãƒ‰ãƒ­ã‚ã‚Šã¾ã™ï¼ï¼,2024-03-20,10:30:06,131,Unified Twitter Taxonomy,A taxonomy of user interests. ,1369311988040355840,NFTs,Non-fungible tokens
1709769209285373952,1770397396532629638,@Cry_Andrich NISHIKIã®å¢“æ¨™NFTã¯ã‚¨ã‚¢ãƒ‰ãƒ­ã‚ã‚Šã¾ã™ï¼ï¼,2024-03-20,10:30:06,131,Unified Twitter Taxonomy,A taxonomy of user interests. ,1491481998862348291,Digital asset industry,
1709769209285373952,1770397396532629638,@Cry_Andrich NISHIKIã®å¢“æ¨™NFTã¯ã‚¨ã‚¢ãƒ‰ãƒ­ã‚ã‚Šã¾ã™ï¼ï¼,2024-03-20,10:30:06,131,Unified Twitter Taxonomy,A taxonomy of user interests. ,1492162686204854274,Digital assets & cryptocurrency,Cryptocurrency
1709769209285373952,1770369211195691126,@stepn0219 GMTã«æ›ç®—ã™ã‚Œã°ä¸æ€è­°ã¨è²·ãˆã‚‹ã‚‚ã‚“ã§ã™ï½—,2024-03-20,08:38:06,,,,,,
1709769209285373952,1770368736287166795,"@lastmemories_g #æ¨ã—ãƒ‰ãƒ¼ãƒ« #ãƒ©ã‚¹ãƒ¡ãƒ¢
å‰£å…ˆãƒŠãƒŠãƒŸ
CVï¼šé˜¿ä¿ã¾ã‚Šã‚",2024-03-20,08:36:13,,,,,,
1709769209285373952,1770368390114549964,"RT @lastmemories_g: ã€æ¨ã—DOLLã€ã‚¹ãƒ†ãƒƒãƒ—ã‚¢ãƒƒãƒ—ã‚­ãƒ£ãƒ³ãƒšãƒ¼ãƒ³ğŸ‰

æœ€å¤§1ï½6ä¸‡å††åˆ†ã® #Amazonã‚®ãƒ•ãƒˆåˆ¸ ã‚’æŠ½é¸ã§ãƒ—ãƒ¬ã‚¼ãƒ³ãƒˆğŸ

âœ…å‚åŠ æ–¹æ³• 
1âƒ£@lastmemories_gã‚’ãƒ•ã‚©ãƒ­ãƒ¼ 
2âƒ£æœ¬æŠ•ç¨¿ã‚’ãƒªãƒã‚¹ãƒˆ
3âƒ£ã€Œ#æ¨ã—ãƒ‰ãƒ¼ãƒ«ã€ã‚’ã¤ã‘ã¦
ã€€å¥½ããªâ€¦",2024-03-20,08:34:50,,,,,,
1709769209285373952,1770350105406718347,@GasHeroine é‡Œã®é•·ã¯ãƒšãƒ‘ãƒãƒ³ã§å³å£²ã‚Šã—ãŸã‚‰ã—ã„ã®ã§è¨€ã£ãŸã‚‰ãƒ¡ãƒƒï¼ï¼,2024-03-20,07:22:11,,,,,,
1709769209285373952,1770348697043497384,@GasHeroine ã“ã‚Œã‚„ã‚“ã‘ https://t.co/OwhYPI7lqz,2024-03-20,07:16:35,,,,,,
1709769209285373952,1770348407959237016,"@Yy01310131 ã†ãŠãŠãŠï¼ï¼
ãŠã‚ã§ã¨ã†ã”ã–ã„ã¾ã™ãƒƒï¼ï¼ï¼
ã„ã¤ã®é–“ã«æ¿€é‹ã‚¹ã‚­ãƒ«èº«ã«ç€ã‘ãŸã‚“ã™ã‹ï¼ï¼Ÿ",2024-03-20,07:15:26,,,,,,
1709769209285373952,1770347669577208228,"@kufuking88888 ã‚ã‚ŠãŒã¨ã†ã”ã–ã„ã¾ã™ï¼ï¼
ã“ã‚“ãªã«ã‚‚ç¥ã£ã¦é ‚ã‘ã¦ã†ã‚Œã—éãã¾ã™ï¼ï¼",2024-03-20,07:12:30,,,,,,
1709769209285373952,1770347190407614648,"@1235_sj ã‚ã‚ŠãŒã¨ã†ã”ã–ã„ã¾ã™ï¼
ã©ã†ã‚‚ï¼
é«ªã‚’ãƒ”ãƒ³ã‚¯ã«ã—ãŸNishikiã§ã™ï¼ï¼ https://t.co/pXe49OX9GM",2024-03-20,07:10:36,,,,,,
1709769209285373952,1770346997675167884,"@TN90803803 ã‚ã‚ŠãŒã¨ã†ã”ã–ã„ã¾ã™ï¼ï¼
ã¾ãŸè¿‘ã„ã†ã¡ã«ãƒ¡ãƒƒã‚»ã—ã¾ã™ï½ï¼ï¼",2024-03-20,07:09:50,,,,,,
1709769209285373952,1770345478460440858,"@MSGA_project ã‚ã–ã¾ã™ï¼ï¼
éƒ½åˆãŒä»˜ã‘ã°ãœã²ãœã²ï¼",2024-03-20,07:03:48,,,,,,
1709769209285373952,1770344978004242924,"@re_nft38 ã‚ã–ã¾ã™ï¼ï¼
JGGã¨ã‚‚ã©ã‚‚ã€ä»Šå¾Œã¨ã‚‚ã‚ˆã‚ã—ããŠé¡˜ã„ã—ã¾ã™ï¼ï¼",2024-03-20,07:01:48,,,,,,
1709769209285373952,1770344852263457052,"@manapapa_stepn ã‚ã–ã¾ã™ï¼
ãƒãƒ¬ã¡ã‚ƒã„ã¾ã—ãŸã‹ãƒ»ãƒ»ãƒ»
ã—ã‚‡ãƒ¼ãŒãªã„ã®ã§è‡ªæ’®ã‚Šç½®ã„ã¦ã„ãã¾ã™ã­ï¼ï¼ https://t.co/qmtdcjr2pp",2024-03-20,07:01:18,,,,,,
1709769209285373952,1770344386469020110,"@Gsanjayo ã‚ã–ã¾ã™ï¼
æã‚‰ãGã•ã‚“ã‚ˆã‚Šã‚‚Gã•ã‚“ã§ã™ï¼
ãŠå…ˆã«å¢“ç›®æŒ‡ã—ã¾ã™ï¼",2024-03-20,06:59:27,,,,,,
1709769209285373952,1770344204096421928,"@Cry_Andrich ã‚ã–ã¾ã™ï¼ï¼
58ã˜ã‚ƒãªãã¦å–œå¯¿ã§ã™ï¼ï¼
ã‚ˆã‚ã—ããŠé¡˜ã„ã—ã¾ã™ï¼ï¼",2024-03-20,06:58:44,,,,,,
1709769209285373952,1770343998609346596,"@NK_walk ã‚ã‚ŠãŒã¨ã†ã”ã–ã„ã¾ã™ï¼
ã“ã‚“ãªã«ãŸãã•ã‚“ã®äººã‹ã‚‰ãƒ¡ãƒƒã‚»ãƒ¼ã‚¸ã‚’è²°ãˆã¦ã†ã‚Œã—ã„ã§ã™ï¼",2024-03-20,06:57:55,,,,,,
1709769209285373952,1770343718916432041,"@HANDAdeSTYLE HANDAã•ã‚“ã‚ã‚ŠãŒã¨ã†ã”ã–ã„ã‚¬ã‚¹ï¼ï¼
ã„ã¤ã‚‚ã‚¢ã‚»ãƒƒãƒˆä¾¡æ ¼è¡¨æ›´æ–°æ¥½ã—ã¿ã«ã—ã¦ã¾ã™ï¼ï¼",2024-03-20,06:56:48,,,,,,
1709769209285373952,1770342945515860009,"@hiyoko_crypto ã‚ã–ã¾ã™ã™ã™ã™ã™ã™ã…ã…ã…ï¼ï¼
JGGã§ã‚‚ä»Šå¾Œã¨ã‚‚ã‚ˆã‚ã—ããŠé¡˜ã„ã—ã¾ã™ï¼ï¼",2024-03-20,06:53:44,,,,,,
1709769209285373952,1770342780113650008,"@TATSUYA_film ã‚ã‚ŠãŒã¨ã†ã”ã–ã„ã¾ã™ï¼ï¼
æ˜¨å¹´ã¯ãƒªãƒãƒ“ãƒªã«çµ‚å§‹ã—ãŸã®ã§ã€ä»Šå¹´ã¯é›ãˆã¦ã„ããŸã„ãƒƒï¼ï¼",2024-03-20,06:53:04,,,,,,
1709769209285373952,1770342200229896305,"@t2_stepn ã‚ã‚ŠãŒã¨ã†ã”ã–ã„ã¾ã™ğŸ™‡
ãã—ã¦ã€ã„ã¤ã‚‚ã‚¢ãƒ—ãƒªã«åŠ©ã‘ã‚‰ã‚Œã¦ã„ã¾ã™ï¼
ä»Šå¾Œã¨ã‚‚ã‚ˆã‚ã—ããŠé¡˜ã„ã—ã¾ã™ï¼",2024-03-20,06:50:46,,,,,,
1709769209285373952,1770341652487434258,"@Lion_STEPN ã‚ã‚ŠãŒã¨ã†ã”ã–ã„ã¾ã™ï¼
ç¹‹ãŒã‚Šã«æ„Ÿè¬ã—ã¦ã‚‹ä»Šæ—¥ã“ã®é ƒã§ã™ï¼",2024-03-20,06:48:35,,,,,,
1709769209285373952,1770341361708851429,"@yumakora_btc ã‚ã‚ŠãŒã¨ã†ã”ã–ã„ã¾ã™ï¼
ã ã„ã¶å…ƒæ°—ã«ãªã£ã¦ããŸã®ã§ã™ãŒã€ã‚„ã¯ã‚Šå³åŠèº«ã€ç‰¹ã«å³è…•ã¯ãªã‚“ã ã‹ã‚“ã ã§å¾Œéºç—‡ãŒæ®‹ã£ã¦ã‚‹æ„Ÿã˜ã§ã™ğŸ’¦
æ­©ãã®ã¯ã€ã‚¸ãƒ§ã‚¬ãƒ¼ã®ã‚¨ãƒŠï¼‘ï¼•ã§ã‚‚å•é¡Œãªã„ä½ã«ãªã‚Šã¾ã—ãŸï¼",2024-03-20,06:47:26,,,,,,
1709769209285373952,1770340719464534183,"@Orexios Thank you my friend!
I'm glad you're celebrating from far away!
I hope that technology will be used peacefully in this way.",2024-03-20,06:44:53,,,,,,
1709769209285373952,1770340129141367274,"@maku67879787 ã‚ã–ã¾ã™ï¼ï¼
æ‹¡å£°å™¨ã‚’ä½¿ã£ã¦ãã‚Œã¦ã‚‚è‰¯ã‹ã£ãŸã‚“ã§ã™ã‚ˆï¼ï¼Ÿ",2024-03-20,06:42:32,,,,,,
1709769209285373952,1770339927651172797,"@GasHeroine ã‚ã–ã¾ã™ï¼
èª•ç”Ÿæ—¥ãƒ—ãƒ¬ã‚¼ãƒ³ãƒˆã¯ã‚·ãƒ¼ã‚¯ãƒ¬ãƒƒãƒˆãªãƒ•ã‚©ãƒˆã§å¤§ä¸ˆå¤«ã§ã™ï¼
DMå¾…ã£ã¦ã¾ã™â¤",2024-03-20,06:41:44,,,,,,
1709769209285373952,1770339587014991999,"@Nizakana4649 ã‚ã‚ŠãŒã¨ã†ã”ã–ã„ã¾ã™ï¼
ï¼‘ç•ªã‚³ãƒ¡ã†ã‚Œã—ã„ã§ã™ï¼",2024-03-20,06:40:23,,,,,,
1709769209285373952,1770263113843249257,ãŠã‚ã§ã¨ã†ã€ãƒ¯ã‚¤ã€‚ https://t.co/BrmlXPMJJT,2024-03-20,01:36:30,,,,,,
1709769209285373952,1770137752937308445,"æœ€è¿‘ã€ãªã‚ã†ã€ã®ç¾ä»£æ‹æ„›ç‰©ã‚’èª­ã‚“ã§ã„ã‚‹ã€‚
æ™®é€šã¨ã¯é•ã†æ¥½ã—ã¿æ–¹ãªã‚“ã ã‚ã†ãŒâ€¦â€¦
å¥³æ€§ä½œè€…ã®å¥³æ€§ä¸»äººå…¬ã®ç‰©èªã¨ã€ç”·æ€§ä½œè€…ã®ç”·æ€§ä¸»äººå…¬ã®ç‰©èªã‚’æ¯”è¼ƒã—ãŸæ™‚ã®é•ã„ãŒã™ã’ã‡ã€‚
è„³ã®æ§‹é€ ãŒæ ¹æœ¬çš„ã«é•ã†ã‚“ã ãªãƒ¼ã£ã¦ãƒãƒƒã‚­ãƒªåˆ†ã‹ã‚‹ã‚“ã ã­ã€‚",2024-03-19,17:18:22,,,,,,
1709769209285373952,1770092214087201105,@kacke004 @JGG_Community ã‚ã–ã¾ã™ï¼ä¿®æ­£ã—ã¾ã—ãŸï¼,2024-03-19,14:17:25,,,,,,
1709769209285373952,1770091318662070781,"@lastmemories_g 
#ãƒ‡ã‚£ãƒ©ã‚¤ã‚ºãƒ©ã‚¹ãƒˆãƒ¡ãƒ¢ãƒªãƒ¼ã‚º #ãƒ©ã‚¹ãƒ¡ãƒ¢ 
ã“ã‚Œã¯ãƒƒï¼ï¼ï¼
ä»Šã‚„ã£ã¦ã‚‹ãƒ‘ãƒ–ã‚»ã®åˆ†ã¯ã‚¨ã‚¢ãƒ‰ãƒ­ãƒƒãƒ—ã ã‘ã§å›åã§ãã¡ã‚ƒã†æ„Ÿã˜ãªã®ã‹ã„ï¼ï¼Ÿ

ãã—ã¦ã€ETHãŒä¸‹ãŒã£ã¦ã‚‹ã‹ã‚‰ä»Šãªã‚‰ä¸€ä½“8500å††ã»ã©ã§è²·ãˆã¡ã‚ƒã†ï¼ï¼Ÿ https://t.co/WC6E5jYvy0",2024-03-19,14:13:51,46,Business Taxonomy,Categories within Brand Verticals that narrow down the scope of Brands,1557696848252391426,Financial Services Business,"Brands, companies, advertisers and every non-person handle with the profit intent related to Banks, Credit cards, Insurance, Investments, Stocks "
1709769209285373952,1770091318662070781,"@lastmemories_g 
#ãƒ‡ã‚£ãƒ©ã‚¤ã‚ºãƒ©ã‚¹ãƒˆãƒ¡ãƒ¢ãƒªãƒ¼ã‚º #ãƒ©ã‚¹ãƒ¡ãƒ¢ 
ã“ã‚Œã¯ãƒƒï¼ï¼ï¼
ä»Šã‚„ã£ã¦ã‚‹ãƒ‘ãƒ–ã‚»ã®åˆ†ã¯ã‚¨ã‚¢ãƒ‰ãƒ­ãƒƒãƒ—ã ã‘ã§å›åã§ãã¡ã‚ƒã†æ„Ÿã˜ãªã®ã‹ã„ï¼ï¼Ÿ

ãã—ã¦ã€ETHãŒä¸‹ãŒã£ã¦ã‚‹ã‹ã‚‰ä»Šãªã‚‰ä¸€ä½“8500å††ã»ã©ã§è²·ãˆã¡ã‚ƒã†ï¼ï¼Ÿ https://t.co/WC6E5jYvy0",2024-03-19,14:13:51,30,Entities [Entity Service],"Entity Service top level domain, every item that is in Entity Service should be in this domain",1007361429752594432,Ethereum cryptocurrency,Ethereum Cryptocurrency
1709769209285373952,1770091318662070781,"@lastmemories_g 
#ãƒ‡ã‚£ãƒ©ã‚¤ã‚ºãƒ©ã‚¹ãƒˆãƒ¡ãƒ¢ãƒªãƒ¼ã‚º #ãƒ©ã‚¹ãƒ¡ãƒ¢ 
ã“ã‚Œã¯ãƒƒï¼ï¼ï¼
ä»Šã‚„ã£ã¦ã‚‹ãƒ‘ãƒ–ã‚»ã®åˆ†ã¯ã‚¨ã‚¢ãƒ‰ãƒ­ãƒƒãƒ—ã ã‘ã§å›åã§ãã¡ã‚ƒã†æ„Ÿã˜ãªã®ã‹ã„ï¼ï¼Ÿ

ãã—ã¦ã€ETHãŒä¸‹ãŒã£ã¦ã‚‹ã‹ã‚‰ä»Šãªã‚‰ä¸€ä½“8500å††ã»ã©ã§è²·ãˆã¡ã‚ƒã†ï¼ï¼Ÿ https://t.co/WC6E5jYvy0",2024-03-19,14:13:51,66,Interests and Hobbies Category,"A grouping of interests and hobbies entities, like Novelty Food or Destinations",1369311988040355840,NFTs,Non-fungible tokens
1709769209285373952,1770091318662070781,"@lastmemories_g 
#ãƒ‡ã‚£ãƒ©ã‚¤ã‚ºãƒ©ã‚¹ãƒˆãƒ¡ãƒ¢ãƒªãƒ¼ã‚º #ãƒ©ã‚¹ãƒ¡ãƒ¢ 
ã“ã‚Œã¯ãƒƒï¼ï¼ï¼
ä»Šã‚„ã£ã¦ã‚‹ãƒ‘ãƒ–ã‚»ã®åˆ†ã¯ã‚¨ã‚¢ãƒ‰ãƒ­ãƒƒãƒ—ã ã‘ã§å›åã§ãã¡ã‚ƒã†æ„Ÿã˜ãªã®ã‹ã„ï¼ï¼Ÿ

ãã—ã¦ã€ETHãŒä¸‹ãŒã£ã¦ã‚‹ã‹ã‚‰ä»Šãªã‚‰ä¸€ä½“8500å††ã»ã©ã§è²·ãˆã¡ã‚ƒã†ï¼ï¼Ÿ https://t.co/WC6E5jYvy0",2024-03-19,14:13:51,131,Unified Twitter Taxonomy,A taxonomy of user interests. ,847894353708068864,Investing,Investing
1709769209285373952,1770091318662070781,"@lastmemories_g 
#ãƒ‡ã‚£ãƒ©ã‚¤ã‚ºãƒ©ã‚¹ãƒˆãƒ¡ãƒ¢ãƒªãƒ¼ã‚º #ãƒ©ã‚¹ãƒ¡ãƒ¢ 
ã“ã‚Œã¯ãƒƒï¼ï¼ï¼
ä»Šã‚„ã£ã¦ã‚‹ãƒ‘ãƒ–ã‚»ã®åˆ†ã¯ã‚¨ã‚¢ãƒ‰ãƒ­ãƒƒãƒ—ã ã‘ã§å›åã§ãã¡ã‚ƒã†æ„Ÿã˜ãªã®ã‹ã„ï¼ï¼Ÿ

ãã—ã¦ã€ETHãŒä¸‹ãŒã£ã¦ã‚‹ã‹ã‚‰ä»Šãªã‚‰ä¸€ä½“8500å††ã»ã©ã§è²·ãˆã¡ã‚ƒã†ï¼ï¼Ÿ https://t.co/WC6E5jYvy0",2024-03-19,14:13:51,131,Unified Twitter Taxonomy,A taxonomy of user interests. ,1007361429752594432,Ethereum cryptocurrency,Ethereum Cryptocurrency
1709769209285373952,1770091318662070781,"@lastmemories_g 
#ãƒ‡ã‚£ãƒ©ã‚¤ã‚ºãƒ©ã‚¹ãƒˆãƒ¡ãƒ¢ãƒªãƒ¼ã‚º #ãƒ©ã‚¹ãƒ¡ãƒ¢ 
ã“ã‚Œã¯ãƒƒï¼ï¼ï¼
ä»Šã‚„ã£ã¦ã‚‹ãƒ‘ãƒ–ã‚»ã®åˆ†ã¯ã‚¨ã‚¢ãƒ‰ãƒ­ãƒƒãƒ—ã ã‘ã§å›åã§ãã¡ã‚ƒã†æ„Ÿã˜ãªã®ã‹ã„ï¼ï¼Ÿ

ãã—ã¦ã€ETHãŒä¸‹ãŒã£ã¦ã‚‹ã‹ã‚‰ä»Šãªã‚‰ä¸€ä½“8500å††ã»ã©ã§è²·ãˆã¡ã‚ƒã†ï¼ï¼Ÿ https://t.co/WC6E5jYvy0",2024-03-19,14:13:51,131,Unified Twitter Taxonomy,A taxonomy of user interests. ,1369311988040355840,NFTs,Non-fungible tokens
1709769209285373952,1770091318662070781,"@lastmemories_g 
#ãƒ‡ã‚£ãƒ©ã‚¤ã‚ºãƒ©ã‚¹ãƒˆãƒ¡ãƒ¢ãƒªãƒ¼ã‚º #ãƒ©ã‚¹ãƒ¡ãƒ¢ 
ã“ã‚Œã¯ãƒƒï¼ï¼ï¼
ä»Šã‚„ã£ã¦ã‚‹ãƒ‘ãƒ–ã‚»ã®åˆ†ã¯ã‚¨ã‚¢ãƒ‰ãƒ­ãƒƒãƒ—ã ã‘ã§å›åã§ãã¡ã‚ƒã†æ„Ÿã˜ãªã®ã‹ã„ï¼ï¼Ÿ

ãã—ã¦ã€ETHãŒä¸‹ãŒã£ã¦ã‚‹ã‹ã‚‰ä»Šãªã‚‰ä¸€ä½“8500å††ã»ã©ã§è²·ãˆã¡ã‚ƒã†ï¼ï¼Ÿ https://t.co/WC6E5jYvy0",2024-03-19,14:13:51,131,Unified Twitter Taxonomy,A taxonomy of user interests. ,1491481998862348291,Digital asset industry,
1709769209285373952,1770091318662070781,"@lastmemories_g 
#ãƒ‡ã‚£ãƒ©ã‚¤ã‚ºãƒ©ã‚¹ãƒˆãƒ¡ãƒ¢ãƒªãƒ¼ã‚º #ãƒ©ã‚¹ãƒ¡ãƒ¢ 
ã“ã‚Œã¯ãƒƒï¼ï¼ï¼
ä»Šã‚„ã£ã¦ã‚‹ãƒ‘ãƒ–ã‚»ã®åˆ†ã¯ã‚¨ã‚¢ãƒ‰ãƒ­ãƒƒãƒ—ã ã‘ã§å›åã§ãã¡ã‚ƒã†æ„Ÿã˜ãªã®ã‹ã„ï¼ï¼Ÿ

ãã—ã¦ã€ETHãŒä¸‹ãŒã£ã¦ã‚‹ã‹ã‚‰ä»Šãªã‚‰ä¸€ä½“8500å††ã»ã©ã§è²·ãˆã¡ã‚ƒã†ï¼ï¼Ÿ https://t.co/WC6E5jYvy0",2024-03-19,14:13:51,131,Unified Twitter Taxonomy,A taxonomy of user interests. ,1492162686204854274,Digital assets & cryptocurrency,Cryptocurrency
